title,weight,price,image
Mango Sliced,250g,12.25,https://www.luluhypermarket.com/medias/392219-01.jpg-300Wx300H?context=bWFzdGVyfGltYWdlc3wxNTg1MHxpbWFnZS9qcGVnfGltYWdlcy9oMjQvaDQ3LzkxNDgwNTEyOTIxOTAuanBnfGE0Zjg0OTQyODQ3ZTcyOGI4ZTM4NzE0NzYyZTQxY2UzMzQxNTIxMTM4ZTA4NWY3NWU5ZTE3NTQwNDQwZGViNTY
Farm Fresh Tomato,1kg,3.25,https://www.luluhypermarket.com/medias/649526-01.jpg-300Wx300H?context=bWFzdGVyfGltYWdlc3wxMTY0MHxpbWFnZS9qcGVnfGltYWdlcy9oZDAvaGU1L2gwMC85MTk3NDM5NjgwNTQyLmpwZ3xkNTM0ZjRhNjQ2ZjFiYWIzZjY4NDlkNWNjMGNmMDM5Y2Y4NTQ0M2YzN2MzOTA3Njk1NmRmNWYxYjA5ZTU3N2Nj
Baby Spinach Leaves Italy,1pkt,10,https://www.luluhypermarket.com/medias/384429-00001.jpg-300Wx300H?context=bWFzdGVyfGltYWdlc3wyNTk5NnxpbWFnZS9qcGVnfGltYWdlcy9oYzEvaDI5LzkwODQyODUzMjEyNDYuanBnfDc5ZjFhMWU1YTBjMzJlYjU5YjM5ODgyYzhkZjNiMGY1YzlhYmUwOTAxODQyNDVjNzlkODdhYTA5NmJhODNlMjQ
Watermelon Kiran India,1kg,10.5,https://www.luluhypermarket.com/medias/1411290-01.jpg-300Wx300H?context=bWFzdGVyfGltYWdlc3wxNDEwNzd8aW1hZ2UvanBlZ3xoZTcvaDRmLzk2MjUxMzI1NjQ1MTAvMTQxMTI5MC0wMS5qcGdfMzAwV3gzMDBIfDQ0MzE1NWZkMjg4NzY5YmQ5YWUwMDE2Nzk1Mzk0MzJlN2Q3YWE2ZDQ5Yzc4YThlNmJmNWY5NDlhYTBjOTBlMmY
Broccoli Spain,500g,15.25,https://www.luluhypermarket.com/medias/1667742-01.jpg-300Wx300H?context=bWFzdGVyfGltYWdlc3wxMTQxMHxpbWFnZS9qcGVnfGhjNy9oZTYvOTk1MjAzNzA3NzAyMi8xNjY3NzQyLTAxLmpwZ18zMDBXeDMwMEh8MTI1ZDA5Y2M0YjEzMTM4YTQzNjU2YjA3MTE4NGVhZTU5M2Y0ZTUyZGIzMTJiZWZhZTZkYzk3ZDJiYjAwYjFjMQ
Garlic China Big,Packet,7,https://www.luluhypermarket.com/medias/1498853-01.jpg-300Wx300H?context=bWFzdGVyfGltYWdlc3wxMzU3MHxpbWFnZS9qcGVnfGg1YS9oYTAvOTY2ODM3MDE2OTg4Ni8xNDk4ODUzLTAxLmpwZ18zMDBXeDMwMEh8YzFmMmExOTdjNDIxOGU0NGY5NTc0NzRmNGExYjdhMDRjZjFmMjhjYmRkZjM0MDkyNzk0ZmE0MGQxZmUyNGE0ZQ
Farm Fresh Capsicum Yellow,500g,6.25,https://www.luluhypermarket.com/medias/649517-01.jpg-300Wx300H?context=bWFzdGVyfGltYWdlc3wzODAxNnxpbWFnZS9qcGVnfGg0YS9oNGEvOTc4MDgyMDYwNzAwNi82NDk1MTctMDEuanBnXzMwMFd4MzAwSHw5NWE4MjBjZWU0ZTg4Njg1YjMwODU4YzI0Yjg5NDc1MDQzNGU2ODRlYWY5YWE4MzU0YmMxMWI2OTRmNTliYTlh
Mushroom Shimeji Thailand,1pkt,8.25,https://www.luluhypermarket.com/medias/601891-01.jpg-300Wx300H?context=bWFzdGVyfGltYWdlc3w3NTIxNHxpbWFnZS9qcGVnfGltYWdlcy9oMmYvaDBjLzkwNzExNTQ2MjY1OTAuanBnfDY5ZDcwYjMxOGM5ZWFmN2I5ZGNkNGMxMTMxN2FjOWQ5YzI2OGM3NTBkNWI2ODgxODc1Yjk2MjE1OTJmYzRhNjI
Grapes Black,500g,4.5,https://www.luluhypermarket.com/medias/18701-01.jpg-300Wx300H?context=bWFzdGVyfGltYWdlc3wyNDk1NXxpbWFnZS9qcGVnfGltYWdlcy9oNTQvaDliLzkxNDc4MzIyNzA4NzguanBnfGIwODEwZTkwMjc4MjQyNDNiZDY4NzlkYmI5MzgzMGFjODMxZTcxMTdlNzU5MWYzYTMyNjA2YTc3YTQ4ZDMxMGU
Farm Fresh Cucumber,1kg,3.75,https://www.luluhypermarket.com/medias/649449-01.jpg-300Wx300H?context=bWFzdGVyfGltYWdlc3w0NzcwMHxpbWFnZS9qcGVnfGltYWdlcy9oZTUvaDQ0L2gwMC85MzUxMjQ4Njc0ODQ2LmpwZ3w1Y2E5NDUzZTVjNzM4ZGZkMzljNWRlZjEwNDdlNzhmOTVlYTU1ZmFhZmY5YjJjZWFlZTczMmU3Y2NjNWYyYzY5
Kenya Mangoes Round Kenya,1kg,8.75,https://www.luluhypermarket.com/medias/19016-001.jpg-300Wx300H?context=bWFzdGVyfGltYWdlc3wxMDE4MHxpbWFnZS9qcGVnfGltYWdlcy9oZmUvaDk3LzkxNDc2MzU5MjUwMjIuanBnfGY0NzkyZTEwMDZlNWQyMmJkODhhODkxNTlmNjg5MDdiM2Q4NGIxMDExZWQxNTQxOWIzOGMxMmViY2RlOGJlNmI
Mandarin Turkey,1kg,4.5,https://www.luluhypermarket.com/medias/377400-01.jpg-300Wx300H?context=bWFzdGVyfGltYWdlc3wzMDc2NHxpbWFnZS9qcGVnfGltYWdlcy9oZTMvaDgwLzkxNTY1MjQzNzYwOTQuanBnfDNlMjRmMmVjNGVkYjk5MDQxNTU1OThiMjQyZjFlYjQxY2NlZjFiNTU5NmEzZDVkMTNkMTg5OTE2ZjIyZWQyMjM
Beans Sprouts,1pkt,4.75,https://www.luluhypermarket.com/medias/42584-01.jpg-300Wx300H?context=bWFzdGVyfGltYWdlc3w1OTI0M3xpbWFnZS9qcGVnfGhjNy9oNGYvOTY2NjM4Mzc3MzcyNi80MjU4NC0wMS5qcGdfMzAwV3gzMDBIfGZhNWE3ZmMxM2FmZGE0ZTEwY2Y5MTkwYzEzNGM3OWZlYjQwZWIyMjk1ZTlmNDQ5MDRkMGVlODcyNWVmOGI4ZmI
Banana Pindi/Stem,500g,6,https://www.luluhypermarket.com/medias/481354-01.jpg-300Wx300H?context=bWFzdGVyfGltYWdlc3wyMzQ1M3xpbWFnZS9qcGVnfGgzYS9oNzYvOTcyOTQ5MDY4MTg4Ni80ODEzNTQtMDEuanBnXzMwMFd4MzAwSHw1YjM3OWQ0ZmZlODVmOGZiMzc4NDg1Y2FjMTg3OGQ1NDNiNGYzM2FlNDhmY2ZlNTNlNjI1NDIzMzhiODdlY2Q1
Fresh Cut Honey Dew,250g,8.25,https://www.luluhypermarket.com/medias/1055562-01.jpg-300Wx300H?context=bWFzdGVyfGltYWdlc3wyMTIwOHxpbWFnZS9qcGVnfGltYWdlcy9oZmMvaGUyLzkxNDgyMzA3OTUyOTQuanBnfDM2NTJhY2RlZTBjZDI4YTgwMWQxMTY1NDk3OTJlNWVkMzlhOTM0NjM5ODYxZmFhNmQ1NmRiNjQ1MWVkMTVkNGM
Lemon Turkey Big,500g,2.75,https://www.luluhypermarket.com/medias/520922-01.jpg-300Wx300H?context=bWFzdGVyfGltYWdlc3wxMDAzMXxpbWFnZS9qcGVnfGltYWdlcy9oNDQvaGIzLzkxNDgwNjk1NzY3MzQuanBnfDAxZTM0NDNlOTg5YjY4NDZiZDY2NjQzNDNiZTNkOWNiYzM3ODJmZmUzOTNmN2UyM2QwZGViZTZkODg5MjlmMjQ
Apple Royal Gala Poland,1kg,8.25,https://www.luluhypermarket.com/medias/1027263-01.jpg-300Wx300H?context=bWFzdGVyfGltYWdlc3w0NDUyMXxpbWFnZS9qcGVnfGltYWdlcy9oMjgvaDRiLzkxNDg4NDMzOTMwNTQuanBnfDI0MTMzNzQ1Y2EwMDExYTcwY2I2ODdmOGEwM2JkMjIzNDc3YTY1ZmJlZTZlYTUzMWNmN2QyZGZmNDA5ZTFiNTA
Premium Eggplant Long Qatar,1pkt,5,https://www.luluhypermarket.com/medias/1377978-01.jpg-300Wx300H?context=bWFzdGVyfGltYWdlc3wzNDIzMXxpbWFnZS9qcGVnfGhjYi9oYTYvOTc4ODUzNjQyMjQzMC8xMzc3OTc4LTAxLmpwZ18zMDBXeDMwMEh8NmMwMGM3OGE1YTczOWM5YTNhODllNDAwYWRhNjlhMmU1NDM0NDM5YTZhNGY2YzA5MDJmMTUyODIxMWNjYmI1NQ
Pineapple Cuts,250g,8.25,https://www.luluhypermarket.com/medias/569674-01.jpg-300Wx300H?context=bWFzdGVyfGltYWdlc3wyMjg0OHxpbWFnZS9qcGVnfGltYWdlcy9oYWQvaDJmLzkxNDgwODAxOTM1NjYuanBnfGZmYmQzZmQyYzhmNWYwNTk0YzUzOWRkY2UxMjg2OWZhODY0NzBiOWUyMTcyZWFmYjQ3ZjE5MmM1MzdlZmU0ZTM
Sweet Tamarind With Sugar,1Packet,9.5,https://www.luluhypermarket.com/medias/925612-01.jpg-300Wx300H?context=bWFzdGVyfGltYWdlc3w2MjcxNXxpbWFnZS9qcGVnfGltYWdlcy9oMTgvaGM5LzkwNzA3NzgxNTUwMzguanBnfDY2ZGMyMjc5NjczYThmMGViMGQzMjk0YjA5OWY5YmQ2ODdhNTg5NzZlMmNiMjFlMDAzNzUxNjkzYmVjMjZlYzc
Red Chilli Bird Thailand,1pkt,5.75,https://www.luluhypermarket.com/medias/383573-01.jpg-300Wx300H?context=bWFzdGVyfGltYWdlc3w0OTEwMnxpbWFnZS9qcGVnfGltYWdlcy9oZTgvaDBmLzkwODQyNjY5NzExNjYuanBnfDRkZGQzZjZiZjM0OWI3NTMyZmJkZGVmNGE5Zjg0MGEyMTg5NDFlM2UzMDdhZjI3YmU0NTNhZDZjYzRlYmM3MjM
Green Sweet Mango Thailand,1kg,37.25,https://www.luluhypermarket.com/medias/363164-01.jpg-300Wx300H?context=bWFzdGVyfGltYWdlc3wyMDA4MnxpbWFnZS9qcGVnfGltYWdlcy9oYTgvaDU4LzkxNDgwMTQ3MjMxMDIuanBnfGJlN2JjNzUxZTE5YTUxM2U4MWUxZTBhOTE1ZmNlYjhkYzk1ZDZlMGJiZWM2YmVlY2E1NjkzYTc3YTFmOTZiOTc
Sweet Potato Jewel,600g,21.25,https://www.luluhypermarket.com/medias/974645-01.jpg-300Wx300H?context=bWFzdGVyfGltYWdlc3wyMTQ5NnxpbWFnZS9qcGVnfGltYWdlcy9oNmIvaDZmLzkxNDgyMDk1NjE2MzAuanBnfDgyYTQ5NGM3NGJhMGZkYzJmMzA1MDg2YTM3NTNhOGM4MGNiYzM0NWU5ZDExODIzYTE5NzZiMWVjNzhkNWRiNDA
Pomelo Vietnam,1kg,10,https://www.luluhypermarket.com/medias/1382282-01.jpg-300Wx300H?context=bWFzdGVyfGltYWdlc3w0ODM5NnxpbWFnZS9qcGVnfGgzNi9oYzYvOTY5MDM1MzI3MDgxNC8xMzgyMjgyLTAxLmpwZ18zMDBXeDMwMEh8NGY5OTA3Zjg2NzM5NzZhYjljMTlhNjQxNWNjZTU1ODE0M2Q3NjNmNTllMzM2MzA5YmZmMWM1NWNjOGU3MDkwNQ
Lime India,250g,3,https://www.luluhypermarket.com/medias/18708-01.jpg-300Wx300H?context=bWFzdGVyfGltYWdlc3wxNzY5N3xpbWFnZS9qcGVnfGltYWdlcy9oYTEvaDJjLzkxNDc4MzQ2MzAxNzQuanBnfDBlMDhjNTY0YjE4MTllNmUwMTVkYzBmNDg0NTBmYTViMTg3ZWEyMzYzNDNmNThhNWM4MWMyMTcwMjg5NWQ0NGM
Cluster Beans India,500g,6,https://www.luluhypermarket.com/medias/372415-01.jpg-300Wx300H?context=bWFzdGVyfGltYWdlc3wxODIzNXxpbWFnZS9qcGVnfGltYWdlcy9oOTcvaGYyLzkxNDgwMTg4NTE4NzAuanBnfGE5MTQ0Y2QxN2FmMGM0ZWE3NTk5MTY5Y2RkMWFhN2EwMDNkMmFlOTg1OGUwNWZhMDVlZGI5YmRiNzg5N2JiZjM
TJC Mango Sri Lanka,1kg,23.5,https://www.luluhypermarket.com/medias/1369257-01.jpg-300Wx300H?context=bWFzdGVyfGltYWdlc3wxMzE3MnxpbWFnZS9qcGVnfGltYWdlcy9oNmMvaDE2LzkxNDgyODQ0NjkyNzguanBnfGQyZmJkMDhkYzA4NjhkYmRmZmNjMWE5MjkzMzU2NzA2YmI4YzIwMzQ5MzgyOTJjNWE3ZGM2ZGEyZjM1ZWNjZDY
Apple Royal Gala UK,1kg,7,https://www.luluhypermarket.com/medias/1269596-01.jpg-300Wx300H?context=bWFzdGVyfGltYWdlc3w1MTE2N3xpbWFnZS9qcGVnfGltYWdlcy9oYTEvaDc3L2gwMC85MzAyMDA5MTE4NzUwLmpwZ3w5OTQwOWFhMGRhOTk4NmJmNTNlNWRhZjcyYzFhMGIxMWNkMDBiMzcxNjRiMDI3MzdmNTdiNWEwMDU2MTFjNWFl
Farm Fresh Beans,500g,4.5,https://www.luluhypermarket.com/medias/649493-01.jpg-300Wx300H?context=bWFzdGVyfGltYWdlc3w0MTE5MXxpbWFnZS9qcGVnfGhjNy9oYzYvOTc4MDgyNzkxNDI3MC82NDk0OTMtMDEuanBnXzMwMFd4MzAwSHw1NjUyMDAwOGRkYmZlODhjOTFlNjU5MmJmYTFhODkzM2IzZDlhNmZjMzE0MjU2ODdjNjk1Y2U4MzA0ZjNkZjhi
Premium Eggplant Round Qatar,1pkt,5,https://www.luluhypermarket.com/medias/1377979-01.jpg-300Wx300H?context=bWFzdGVyfGltYWdlc3wzMjkwNHxpbWFnZS9qcGVnfGg2ZC9oOWEvOTc4ODUyNjkxOTcxMC8xMzc3OTc5LTAxLmpwZ18zMDBXeDMwMEh8ZGVmY2FhMDU2YTQ4MDAyMTY5ZDdkMjQ5NjEyYjI1NTQ1NjFkMDI1ZTZhZWU1N2NiOWI1MzJhNWQ2ZGUxNGVjNA
Banana Philippines,1kg,5,https://www.luluhypermarket.com/medias/19121-01.jpg-300Wx300H?context=bWFzdGVyfGltYWdlc3wyMjkzMXxpbWFnZS9qcGVnfGg2YS9oYzQvOTUxNDMxOTU3NzExOC8xOTEyMS0wMS5qcGdfMzAwV3gzMDBIfGVlNWMxYzY0YTkyNGU2MzRlMjJmMzBhNTI3NjI5NjhjZjNhODQwMmY3NjEwZDE3MjZhNjI4ZjczZjJmYThkM2I
Drumstick Leaves,150g,4.75,https://www.luluhypermarket.com/medias/475266-01.jpg-300Wx300H?context=bWFzdGVyfGltYWdlc3wzMzk3MnxpbWFnZS9qcGVnfGg0Yy9oMzAvOTY3ODIwMTcxNjc2Ni80NzUyNjYtMDEuanBnXzMwMFd4MzAwSHw1Mzg0NmFjMWZjOTEzMTVkNDU5NjJmYWNkZGI5MWM1ZDFlZmIyODllNmIwYThhOWViOTM0ZDgxYzZmNDJjMWMy
Strawberry Morocco,1 Pkt,7.5,https://www.luluhypermarket.com/medias/388906-01.jpg-300Wx300H?context=bWFzdGVyfGltYWdlc3wyMjA3MnxpbWFnZS9qcGVnfGltYWdlcy9oMGUvaGFlLzkwODQzODE2NTkxNjYuanBnfDRmZDgwNzcwMGRhZjUxM2NjNGVjZDJhZDkyYjgwMTJiOWFjNTM2MzAyZjhkYjQxMjY1Y2Y1MDExZWY2MzJiM2Q
Baby Pineapple South Africa,1pc,10,https://www.luluhypermarket.com/medias/384732-01.jpg-300Wx300H?context=bWFzdGVyfGltYWdlc3wzNzA2N3xpbWFnZS9qcGVnfGltYWdlcy9oMTcvaGE5LzkwODQyOTQ3NTg0MzAuanBnfGNmNjViY2E0MWM1OGZhNGY0MDRjOTI2MWUzMDNkYWM2Zjk3YTE1MzM2OTBkYzU1NTYzMjM2ZWFjZjgyNzg2Zjc
Radish White China,1kg,3.75,https://www.luluhypermarket.com/medias/18650-01.jpg-300Wx300H?context=bWFzdGVyfGltYWdlc3wyMTk4MXxpbWFnZS9qcGVnfGltYWdlcy9oMDAvaGI4LzkxNzMzMzg1NTQzOTguanBnfGFiZGZiZjdmNThjMjJhMWZhYjU1ZTUzNzE4OWU4MTQ2YzIzMTFiOGVkMjQ0ZDMyMWM2ODY1NzRlZmE2NDNiNWQ
Okra,500g,6,https://www.luluhypermarket.com/medias/18565-01.jpg-300Wx300H?context=bWFzdGVyfGltYWdlc3wzODU4NnxpbWFnZS9qcGVnfGg0YS9oODAvOTYzMzExODQ1Mzc5MC8xODU2NS0wMS5qcGdfMzAwV3gzMDBIfGNmYTU5OWMzMmQ2MzMxOWRlODY1ZDM3ZjUzNzcxYjljYzc1ODY2ZjI4MDBlM2M1MTQwMTE5ZDI3N2ZmNTFmYTU
Organic Raspberry,1 Pack,26.75,https://www.luluhypermarket.com/medias/558494-01.jpg-300Wx300H?context=bWFzdGVyfGltYWdlc3w1NTIxNXxpbWFnZS9qcGVnfGg0My9oYjgvMTA1MjU4NDM1ODcxMDIvNTU4NDk0LTAxLmpwZ18zMDBXeDMwMEh8MzA3YTRkMzAxNGUyNzMyZDIzMDViOWIyNjU3NTQzYWIxMDk2ODQ1NjM5NjQ4NjAzYzFkY2VkNmFiMTgyYjc2MA
Turmeric Thailand,1pkt,5.75,https://www.luluhypermarket.com/medias/784530-01.jpg-300Wx300H?context=bWFzdGVyfGltYWdlc3w5MjUyMHxpbWFnZS9qcGVnfGltYWdlcy9oNWYvaDU3LzkwNzA5NjM2NTQ2ODYuanBnfDM4YWJhNzZmMjA3MTU3M2U0NDdkYTRmYzE1ODQxMTcxYTNhZWYyMTliMDYwOTM3ZDI5N2RkZDU5ODdhZDU2YWM
Apple Red Iran,1kg,3.75,https://www.luluhypermarket.com/medias/18737-01.jpg-300Wx300H?context=bWFzdGVyfGltYWdlc3wyMjc4NXxpbWFnZS9qcGVnfGltYWdlcy9oM2MvaGI1LzkxNDc4MzYzOTk2NDYuanBnfDZiMjdkMzNiNjk1Y2M0N2M1Njg0MjUxMzE0ZDQ1MzI1ODNlZTM4MmUxYmEzM2Q1MTBmZDJlMjlkMTkxOWY5Njg
Apple Golden France,1kg,7.5,https://www.luluhypermarket.com/medias/19048-01.jpg-300Wx300H?context=bWFzdGVyfGltYWdlc3wxOTM4NHxpbWFnZS9qcGVnfGltYWdlcy9oNTYvaDk5LzkxNDc4NzA2NzQ5NzQuanBnfGUzMjAxMTE1NTI3NjQxMmExNTc5YTAwZDc3OTI1OWMyZTYyNDQ4MjQ3YWFkZTQ1Mzk2N2EyOTRlYTRkYzgzOTE
Grapes Red,500g,5.5,https://www.luluhypermarket.com/medias/18960-01.jpg-300Wx300H?context=bWFzdGVyfGltYWdlc3wzMTY0MnxpbWFnZS9qcGVnfGltYWdlcy9oYmEvaDhlLzkxNzMzNDE1NjkwNTQuanBnfDU4NmM3ZTkyYzIxZjc2Njk3YWRkN2FkNzAxMWFhMGZhNjkxNWU5Y2IwZjdiZTUxZmIxYjgwYzQ0YTRlOThjZWY
Holland Courgettes Green,500g,21.5,https://www.luluhypermarket.com/medias/18820-01.jpg-300Wx300H?context=bWFzdGVyfGltYWdlc3wxMDY3NnxpbWFnZS9qcGVnfGltYWdlcy9oNTIvaDc2LzkxNDc4Mzk5Mzg1OTAuanBnfGM5YzQwMWZlZjhkNmYwZDYxN2VkMDQ0MzYwODlkODM0YzMwZDY1NTQyZGYwNTMzOGM0YTE0MjUyYjc5YjI5NzU
Tomato Cherry Yellow Holland,250g,9.75,https://www.luluhypermarket.com/medias/18850-01.jpg-300Wx300H?context=bWFzdGVyfGltYWdlc3wzMDQwM3xpbWFnZS9qcGVnfGltYWdlcy9oMDAvaDE4LzkwNzk3NjI4MTI5NTguanBnfDQ2MTMyMDY2NGRmZDM3MzA5ZWRlMWU1MTExNjI0NjI4MDU0YmViMTNjNzAxM2VmMGU2ZGQ5ODMwODkxZTU2OTM
Red Radish Holland,125g,3.75,https://www.luluhypermarket.com/medias/18860-01.jpg-300Wx300H?context=bWFzdGVyfGltYWdlc3wyMDQ4NXxpbWFnZS9qcGVnfGltYWdlcy9oODYvaDQ3LzkwNzk3NjUxNzIyNTQuanBnfGJjODYyZTU0MjA0M2I2NWU5NzVkYWMwNjA3MDFjOGQ1NDAzZDliNzhlYjU5ZGNlY2RjN2NmODFkNzEyNTY1ZGI
Red Currant Holland,1pkt,14.75,https://www.luluhypermarket.com/medias/384431-01.jpg-300Wx300H?context=bWFzdGVyfGltYWdlc3w1Mzk4M3xpbWFnZS9qcGVnfGgwOS9oZWMvMTA1MjU4MzkzOTI3OTgvMzg0NDMxLTAxLmpwZ18zMDBXeDMwMEh8Njc3ZWEwNTRkOTc0NDU0NDk2OGU0ZGFjNmFkMDVhNmI1OWNlNDc3NjI5MzBkMTY2OTc5NTlkMzdhMTUxZDY3YQ
Capsicum Mix Import Holland,400g,13.75,https://www.luluhypermarket.com/medias/386097-01.jpg-300Wx300H?context=bWFzdGVyfGltYWdlc3wzODE3MHxpbWFnZS9qcGVnfGltYWdlcy9oZDQvaDUwLzkwODQzMjMwNjk5ODIuanBnfGFmZGJmNjg2MTA5NTVkMWFhYzIyY2JmMzE0ZGMwMTFmOGUxZTI2OWM1Yzc1YzU0OGVlODYwNzdjMWZkMWQ2ZmY
Tomyam Mix Thailand,1pkt,9.75,https://www.luluhypermarket.com/medias/1492912-01.jpg-300Wx300H?context=bWFzdGVyfGltYWdlc3w1OTc5NXxpbWFnZS9qcGVnfGhiOC9oMDQvOTY2NjQwNzU5NjA2Mi8xNDkyOTEyLTAxLmpwZ18zMDBXeDMwMEh8Y2VlNGRmMmM1MjEwNzc4N2M5NmUwZWIwNTE2MWVkZDdiMTVhODg0OTFlZDFlZjQ4M2M5ODNiNTllOWI3N2ZiNw
Apple Rockit,1pkt,16.5,https://www.luluhypermarket.com/medias/1238549-01.jpg-300Wx300H?context=bWFzdGVyfGltYWdlc3wxOTY3NnxpbWFnZS9qcGVnfGltYWdlcy9oYTYvaDhlLzkxMzk1OTQ5ODU1MDIuanBnfDhhNTI1MGVjNWNjYmE3ODgxYTFjNTEyNTAyOGIyOWRhOGQyNmJlMWEwYmRhOTJmZGRiN2ZiODI4MGY4ZDE5OWM
Chinese Cabbage Holland,1kg,32,https://www.luluhypermarket.com/medias/18762-01.jpg-300Wx300H?context=bWFzdGVyfGltYWdlc3wyOTMzMnxpbWFnZS9qcGVnfGhkMC9oNzEvOTcxOTQ3NDk3ODg0Ni8xODc2Mi0wMS5qcGdfMzAwV3gzMDBIfGY1NTZmNTE4NjJjNGY0YmU2M2I1MDU5ODRhNDc2OTI0YjllYzYwYWUyMjg3NGIzZjFlZDE5NGRjMzcxZjE4NWE
Dragon Fruit Thailand,1kg,29.5,https://www.luluhypermarket.com/medias/19105-01.jpg-300Wx300H?context=bWFzdGVyfGltYWdlc3w0NDI0N3xpbWFnZS9qcGVnfGg4MC9oYzMvOTcxMTcwMDM0NDg2Mi8xOTEwNS0wMS5qcGdfMzAwV3gzMDBIfDM0YWRlODkxZDA0NGRiNTBkZGExODY2MTIzZThkN2U3ZWJjNjBhNWViNDE5ZjU4OWE1MWQ3NjMxNGZjMGQxMTM
Green Banana India,500g,6.25,https://www.luluhypermarket.com/medias/40256-01.jpg-300Wx300H?context=bWFzdGVyfGltYWdlc3wxNDY0NnxpbWFnZS9qcGVnfGg5OS9oOWEvOTgwNDEwNDY5NTgzOC80MDI1Ni0wMS5qcGdfMzAwV3gzMDBIfGMxNjIyYTQ1NWNkZTgwM2IxYjIzOGM2NzIzMDdmYWZlOTRkMWMxMDYxYjE4YmM3MzFkOGZhMTllODE5YWUzMDk
Gooseberry (Amla) India,250g,3.75,https://www.luluhypermarket.com/medias/40569-001.jpg-300Wx300H?context=bWFzdGVyfGltYWdlc3wxMTIyN3xpbWFnZS9qcGVnfGltYWdlcy9oMjIvaDJkLzkxNDc5MTczMzY2MDYuanBnfDg5ZjNhOTQ0M2JiMThjYzU0ZGUzOGE0Yzc5NWZkZWViYmJmMmE3NWE4NzM3ZWE3NjI2ODRjNjA0NmRkN2FhMWY
Sliced Rock Melon,250g,8.25,https://www.luluhypermarket.com/medias/42907-01.jpg-300Wx300H?context=bWFzdGVyfGltYWdlc3wyMjk5M3xpbWFnZS9qcGVnfGltYWdlcy9oNDcvaDk5LzkxNDc5NDkxODcxMDIuanBnfGU1OGY2ZTgzOTM1ODdlODM3YmE3MjQ1YjdmNGRkMWRiYjk3ZjY4YWJiODg0NTJmNzE1NGRlZjQxYmM4MGFmYTA
Curry Leaves India,1 bunch,2.25,https://www.luluhypermarket.com/medias/793593-01.jpg-300Wx300H?context=bWFzdGVyfGltYWdlc3wyNDQyNXxpbWFnZS9qcGVnfGltYWdlcy9oNTAvaDhlLzkxNjk0NzY1MTc5MTguanBnfDRmNjNiMjFiZGU3NTNmNDNkYzA3YWZiNmUzYzY1YzI2OGE3OGRmNTJmNGMzMGUxYWI5ZmY1Y2NjNTk5ZmQzYmM
Lulu Fresh And Best Sambar Mix,1kg,9.5,https://www.luluhypermarket.com/medias/387050-01.jpg-300Wx300H?context=bWFzdGVyfGltYWdlc3w0ODk1NHxpbWFnZS9qcGVnfGhmZS9oNWYvOTY3ODE5NjUzOTQyMi8zODcwNTAtMDEuanBnXzMwMFd4MzAwSHwzZWNlYmJlYzVlY2E4ODUzYmUyZGQwODdkZTUzOGYzZmU0ZWZhYTE5MDgxNDU0OWM2ZDU0MWEwNTIzNTQ2Yjk1
Mandarin Pakistan,1kg,3.25,https://www.luluhypermarket.com/medias/36310-01.jpg-300Wx300H?context=bWFzdGVyfGltYWdlc3wyMDA0NnxpbWFnZS9qcGVnfGltYWdlcy9oOTgvaDMxL2gwMC85MzE3NjM0ODM0NDYyLmpwZ3xmNTAxNmVhZDNkYzNlMmEwN2QyZjVlNTAwY2QwMTQ3Njg4OWRkZTEwYjA4ZTE3OWQ0N2FkOGY4MDVjMzE1MTEz
Lettuce Iceberg USA,500g,18.25,https://www.luluhypermarket.com/medias/553480-01.jpg-300Wx300H?context=bWFzdGVyfGltYWdlc3w0MTQyNXxpbWFnZS9qcGVnfGhmYS9oNDIvOTczNDcyMjM1NTIzMC81NTM0ODAtMDEuanBnXzMwMFd4MzAwSHw1ZjllYjE1MjI3NzkyM2NlYjE3YmRlNmNjMTQ4ZTNiY2NjNWI0NTU2Y2I0NzkzNjc1MDU2NTdjOGE5N2UzNzM0
Avocados Hass Tanzania,500g,19.75,https://www.luluhypermarket.com/medias/18936-001.jpg-300Wx300H?context=bWFzdGVyfGltYWdlc3wyMTI1OXxpbWFnZS9qcGVnfGltYWdlcy9oZjMvaDQxLzkxNDc4NTM1MDQ1NDIuanBnfDI1NTI0N2JhZGFkMGNmYWFmNDg5MmQ2MjIyY2I4NjNjZjBjY2NiNTgwMzdkNGU1ZTE2YjUzNTRjOWNjNjExNjU
Sliced Water Melon,250g,5,https://www.luluhypermarket.com/medias/42894-01.jpg-300Wx300H?context=bWFzdGVyfGltYWdlc3wyNjkwMXxpbWFnZS9qcGVnfGltYWdlcy9oYzkvaGY0LzkxNDc5NDUwNTgzMzQuanBnfDI4Yzg1YWNiYzJiYjdmOTg5ODRkNGJhMjc2OWIxZGFiMDYyM2U1NzIxMWJmM2YwYWNlNjZkOWI0YmIyNWU0NTI
Indian Red Pumpkin,1kg,6.25,https://www.luluhypermarket.com/medias/373186-01.jpg-300Wx300H?context=bWFzdGVyfGltYWdlc3wxMjA5MHxpbWFnZS9qcGVnfGltYWdlcy9oYmQvaDY4LzkxNDgwMjA2MjEzNDIuanBnfDNlYTFjNDdiMzEzMDkwMjgyZjcwYWUyNTAxMzk3ZjZiZmI1ZWQxZDcyM2Y4MDIzOWY1ZTdhOTU2ZDFhM2Y5NDE
Premium Capsicum Red Qatar,1pkt,15.5,https://www.luluhypermarket.com/medias/1391741-01.jpg-300Wx300H?context=bWFzdGVyfGltYWdlc3wzODQ2NXxpbWFnZS9qcGVnfGhhNy9oMWMvOTc4ODUxNzIyMDM4Mi8xMzkxNzQxLTAxLmpwZ18zMDBXeDMwMEh8Yzk1MzlhZjdiZjljNWNkZjhjNmE5NGExMjFjOWZlY2FkYzkzZTY4MWVhYmQ5OGEzZmY4MDY5MDQ0N2U1ZGY3MA
Black Garlic China,250g,19.5,https://www.luluhypermarket.com/medias/1637660-01.jpg-300Wx300H?context=bWFzdGVyfGltYWdlc3wyOTY0NnxpbWFnZS9qcGVnfGhiNy9oMzEvOTU5NTg0ODYyMjExMC8xNjM3NjYwLTAxLmpwZ18zMDBXeDMwMEh8ZTU2YjQ1MmJjNThmOTQxYjQ4ZmE4ZDQyYzhmNzczNDYwNGQxMWFjNGU1ZjMyMzk1ZTIxYTQ5MzNkZTQ5NmFlMg
Raspberry,125g,16.5,https://www.luluhypermarket.com/medias/261036-02.jpg-300Wx300H?context=bWFzdGVyfGltYWdlc3w1OTgwN3xpbWFnZS9qcGVnfGltYWdlcy9oMjQvaDM4L2gwMC85MjkzMzQyOTY1NzkwLmpwZ3w0YjA3OTVkNjQ5MDhlMzExMjUyOGUwOTk5MzVhMjI3ZmMxNTkxMzg0NDgwM2YyZmMzYjNjNDQ0ODQ5ZGQ0Yjhm
Banana Dole Srilanka,1kg,5,https://www.luluhypermarket.com/medias/380234-01.jpg-300Wx300H?context=bWFzdGVyfGltYWdlc3wzNjI0OXxpbWFnZS9qcGVnfGg2Yi9oODgvOTc5MDMxNDg3Mjg2Mi8zODAyMzQtMDEuanBnXzMwMFd4MzAwSHw3NzljNGVkNTM3MDc5YjNkMjY5YzE4NTdkZjc5YmQzZWEzNGQ3Y2Y5NGIzNTc5ZjIwZTY2YzI4OTFjYmIzODFh
Strawberry,1 Packet,33.75,https://www.luluhypermarket.com/medias/388513-2002.jpg-300Wx300H?context=bWFzdGVyfGltYWdlc3wxMDIxOXxpbWFnZS9qcGVnfGhkYy9oNmYvOTk1MjUwMDA4ODg2Mi8zODg1MTMtJTIwMDIuanBnXzMwMFd4MzAwSHwxZDVkMTBlMGIzNzFlZTcyOTY1YzIwYjRjMGRkZWU1NTNlYTU5YmIxZjZiYWE3MjY2OGU2N2Y4MDViZWU4Mjdi
Coleslaw Salad Mix,1Packet,21.5,https://www.luluhypermarket.com/medias/488041-01.jpg-300Wx300H?context=bWFzdGVyfGltYWdlc3w4MTUyM3xpbWFnZS9qcGVnfGltYWdlcy9oMmIvaGJlLzkwNjk4ODc4MTU3MTAuanBnfGEwNTJjMGMwNWQyOTA4MzA0M2FlYjQ2NzI1MGEzYzdlNjE1ZjdmZWIyNjdiNmVjOGJjNThjNTdiNGQ1NzE0Njc
Apple Golden Italy,1kg,6.5,https://www.luluhypermarket.com/medias/19110-01.jpg-300Wx300H?context=bWFzdGVyfGltYWdlc3wxOTA5N3xpbWFnZS9qcGVnfGltYWdlcy9oNWMvaDA4LzkxNDc4NzU5ODMzOTAuanBnfDM5MDY3MDI1N2Q2MjcyOTRiNTBkMzU0N2FkYWY1OTg1MWI5MTAzM2VlZWFmMDNmYmMzZGE5MDRjZWE4ZTk2NDk
Beetroot,500g,1.5,https://www.luluhypermarket.com/medias/40192-01.jpg-300Wx300H?context=bWFzdGVyfGltYWdlc3wxNDIwNnxpbWFnZS9qcGVnfGltYWdlcy9oNTcvaDEwLzkxNDc4OTkwNTIwNjIuanBnfDBlM2FjZTA5ZGQ2NWFmMTVmYTEwMTYyOGViNGM2NDdiZjZiNWFmNmQ1MDM3MGFmYTlmMzhlZmY4NWFjNTk2MDg
Red Chilli Long,250g,5.25,https://www.luluhypermarket.com/medias/261016-01.jpg-300Wx300H?context=bWFzdGVyfGltYWdlc3wxMDg1NHxpbWFnZS9qcGVnfGltYWdlcy9oNTgvaGFjLzkxNzg2MDg3NjI5MTAuanBnfGQxZTcwZDUyNzQwZjc1YzM0OWE3NzBhNTJjNjMwYjRjYjQ5M2MxYWRmNGM0ZDhjZWNlZDVmMzVmNTBhNzgwZDQ
Chickoo India,500g,8,https://www.luluhypermarket.com/medias/372414-01.jpg-300Wx300H?context=bWFzdGVyfGltYWdlc3w4NDYyfGltYWdlL2pwZWd8aGM2L2hhMy85NTc0MTI3MTQwODk0LzM3MjQxNC0wMS5qcGdfMzAwV3gzMDBIfDU5NzkzZDMyZjVjZWRjYmUyOGEwNWJmOThkYzQ5ZjgwY2Y5YzQxNzVlMGI1ODQxODA5ZDIwMDFiMDkwZWNiYmI
Beetroot,500g,6.5,https://www.luluhypermarket.com/medias/556859-01.jpg-300Wx300H?context=bWFzdGVyfGltYWdlc3wxMTU4MHxpbWFnZS9qcGVnfGhhMy9oNjEvOTYzNzM0MjI4MTc1OC81NTY4NTktMDEuanBnXzMwMFd4MzAwSHw2Y2RiMzMzMjc0N2FjNjMwNWIwZTVlODQ4ZWMxYjIzYjNmNDlkMGE2OWE0ZTM5ZTgyZTUxYzM1NjM1OTIyZmVj
Banana Red Poovan India,1kg,12.75,https://www.luluhypermarket.com/medias/16357-01.jpg-300Wx300H?context=bWFzdGVyfGltYWdlc3wzNzkwMHxpbWFnZS9qcGVnfGgxOS9oM2EvOTgwOTAwNzY3MzM3NC8xNjM1Ny0wMS5qcGdfMzAwV3gzMDBIfDRkZWQ3MWJhYWU3OTRmNDlhODNmNmZiMTZjMjQyNTZhODA4MTJkZjk0YTYzNzZlNTE1YjIzM2U5ZDFhMWVlMWU
Garlic China,250g,2,https://www.luluhypermarket.com/medias/1090771-01.jpg-300Wx300H?context=bWFzdGVyfGltYWdlc3wxMDM5OHxpbWFnZS9qcGVnfGg0MS9oMTcvOTY2ODQwMzE2NzI2Mi8xMDkwNzcxLTAxLmpwZ18zMDBXeDMwMEh8MjRmMDg4OTRjZmYyYWU3NzcxNmE5ZDZjYWNiYTRmODFmYzI0MWU4ZWE5NjhiNjUzOTI0OTk1ZDFlMTY3YzI2Mw
Peaches White  Australia,500g,9,https://www.luluhypermarket.com/medias/385200-01.jpg-300Wx300H?context=bWFzdGVyfGltYWdlc3wzMzcyOHxpbWFnZS9qcGVnfGg4MS9oZTAvOTkzODE0OTgwMjAxNC8zODUyMDAtMDEuanBnXzMwMFd4MzAwSHw2MzNjYTVmMjA4ZGIwYzY0ZmVkYmEzMTg0YjEzMzE4YmRjMmY0NDhlZWE5ZmFlNjMyOTlmYzczYWJiODU2MTU2
Watermelon India,3kg,13,https://www.luluhypermarket.com/medias/524770-01.jpg-300Wx300H?context=bWFzdGVyfGltYWdlc3wxNjE5NnxpbWFnZS9qcGVnfGltYWdlcy9oNGQvaDM0LzkxNDgwNzA3NTYzODIuanBnfDYwNmFjNDUxODFlOGJiZDkxZTZkMzEyNjZkZTc1M2ZlNmMxMGQzMWRiM2RhY2UwZmEwYTJjNWM4MjRmM2FkM2U
Holland Cabbage White imately,500g,9,https://www.luluhypermarket.com/medias/18763-01.jpg-300Wx300H?context=bWFzdGVyfGltYWdlc3wxMTczMXxpbWFnZS9qcGVnfGltYWdlcy9oZjQvaDVjLzkxNDc4MzgxNjkxMTguanBnfDlmNjA2NGUyOTdlYjA0NDY3YmJmMTI1N2FhYjg5NjhmNzViMWQ0M2RiMzAwN2M5Yjk1ZGMyOWMwMGRkN2M0YjE
Farmfresh Round Egg Plant Qatar,1kg,3.25,https://www.luluhypermarket.com/medias/1531626-01.jpg-300Wx300H?context=bWFzdGVyfGltYWdlc3wzMzA2MHxpbWFnZS9qcGVnfGhlZS9oYWQvOTc4MDkwMjgyMTkxOC8xNTMxNjI2LTAxLmpwZ18zMDBXeDMwMEh8YmViZmUzMTRjNWYxYmRkMGExYTNkNzhhNmYyMDliOTQ1MDFjYjBhMWYyYTgwM2M5YjJiYzZmYTY3MjFjZjA5YQ
Enoki Mushroom Thailand,1pkt,5.75,https://www.luluhypermarket.com/medias/258401-01.jpg-300Wx300H?context=bWFzdGVyfGltYWdlc3wyNTM3NXxpbWFnZS9qcGVnfGltYWdlcy9oNTMvaGNhLzkwODE2MTY0OTg3MTguanBnfDViYzU3Y2YxNzQxMzBmZTM0MWU1ZWNjNzQwMDZjNTY4YjIxYjRmN2Q0NjdkZGUyYTUyN2I4Y2ZkZmQwMmNjNDQ
Holland Lettuce Frisee Green,200g,9.75,https://www.luluhypermarket.com/medias/18832-01.jpg-300Wx300H?context=bWFzdGVyfGltYWdlc3w0OTE0OXxpbWFnZS9qcGVnfGltYWdlcy9oYmUvaDkyLzkxNDc4NDU4MzY4MzAuanBnfGNlZTYzNTQ1OGU3NzI2OTYwMmM1YTg2OWEzNjQ1MzIyZDU0YjVhN2Q1MzUzM2JlYmEwMGYyZTAwNWUxZTg3Zjk
Green Chilli Bird Thailand,1pkt,5.75,https://www.luluhypermarket.com/medias/383574-01.jpg-300Wx300H?context=bWFzdGVyfGltYWdlc3w0NjI0N3xpbWFnZS9qcGVnfGltYWdlcy9oNWUvaGQxLzkwODQyNjgxNTA4MTQuanBnfGYzZmU5NGM2ODZiZGVmMjUwNzFjNTI4ODNhZjlmMzAzYTRmY2U5YTAwMWU3OWRmZTUxMTg4MTA5OGEyZWE3ZjM
Apple Royal Gala Italy,1kg,8.25,https://www.luluhypermarket.com/medias/197289-01.jpg-300Wx300H?context=bWFzdGVyfGltYWdlc3w0Mzk4OHxpbWFnZS9qcGVnfGgwMC9oNGUvOTc0MDAyMDEyMTYzMC8xOTcyODktMDEuanBnXzMwMFd4MzAwSHxhNDE5NTE2YmE0ZDcxNzJiYWYwNTk0MGE3MzdlMjE2NTBmMzUxOTcyYmMyZjVjM2JmNzZhZmYzYzRlYzQ0OGE3
Kiwi Iran,500g,3.25,https://www.luluhypermarket.com/medias/19176-01.jpg-300Wx300H?context=bWFzdGVyfGltYWdlc3wzODcwNXxpbWFnZS9qcGVnfGg5My9oOTMvOTc5MDE3MzExODQ5NC8xOTE3Ni0wMS5qcGdfMzAwV3gzMDBIfDk1OTdmZjRlNjQwZmYxZTRhNGZmZTAyMGE1ZTI3ZWI0MzVhOGI4OTkyZWRmY2NiZWIyZmY0YmFiOWViN2VkMzA
Fresh Cut Coconut,200g,6.5,https://www.luluhypermarket.com/medias/1055535-01.jpg-300Wx300H?context=bWFzdGVyfGltYWdlc3wxNjk2NnxpbWFnZS9qcGVnfGltYWdlcy9oZWMvaGUyLzkxNDgyMjYwNzY3MDIuanBnfGNlMTBiM2YzM2M5OWQ4YTYxYmJjOTYxYjk0NjVkMDRlMWVmODMyYzM4ZDc2NDM1MDA2ZmJhM2I1ZWEyZTMxMjE
Mixed Fruits,250g,8.25,https://www.luluhypermarket.com/medias/353615-01.jpg-300Wx300H?context=bWFzdGVyfGltYWdlc3wyNTgzNnxpbWFnZS9qcGVnfGltYWdlcy9oN2YvaDBmLzkxNDgwMDg4MjQ4NjIuanBnfDQ5OWM4ODU1M2RkZGEwNTAwMTMzOWU5NThiN2UzM2I2NGQxMWJhY2U5ODM0MzZhZTczZTc0NmMyM2FhYjQ0OWI
Strawberry,Packet,38,https://www.luluhypermarket.com/medias/389225-01.jpg-300Wx300H?context=bWFzdGVyfGltYWdlc3w0OTU5NHxpbWFnZS9qcGVnfGhiYS9oN2MvOTcwOTc4NDUzMDk3NC8zODkyMjUtMDEuanBnXzMwMFd4MzAwSHxlNWM4MDBiNThmYmZlYzg3NmQzOTljZjAyNDcwMDFlNDUxNzRlY2I2MTQ3NWM0ZDlmZDIxMDJhN2Q0M2IzMDZk
Baby Asparagus + Baby Corn,1pkt,7.5,https://www.luluhypermarket.com/medias/486559-01.jpg-300Wx300H?context=bWFzdGVyfGltYWdlc3wyMjY1NXxpbWFnZS9qcGVnfGhiMi9oN2YvOTc0MTYwNzYwMDE1OC80ODY1NTktMDEuanBnXzMwMFd4MzAwSHw4ZTYzNTE1ZmJmYTYzNDU5MTU2MmFmN2ZiZDJhN2FmNWQyMjNkMmUzZWUzYzc3MmI0OGVlZjhhYzE1YWY0ZTNk
Avocado Uganda,1kg,12,https://www.luluhypermarket.com/medias/1079401-01.jpg-300Wx300H?context=bWFzdGVyfGltYWdlc3wzMzI2NHxpbWFnZS9qcGVnfGhkMC9oNjkvOTczNjYxMjM4MDcwMi8xMDc5NDAxLTAxLmpwZ18zMDBXeDMwMEh8ODAzMTJmYzBkOTc4NmU1YTMzMGQ4MmE5ODc0YTQ3NGM4YmVlYzE0YTlhZjFlODM5NTFiNzg5MDVjNWY1ZDUyMA
Plums Yellow Spain,1kg,16,https://www.luluhypermarket.com/medias/18984-01.jpg-300Wx300H?context=bWFzdGVyfGltYWdlc3wxNTQ2NnxpbWFnZS9qcGVnfGltYWdlcy9oZDIvaDAwLzkxNDc4NjMwMDcyNjIuanBnfDQ5Yjk2YjcwNzIyMWEzMTE2MzBiYzA1OTUxMzkwODQ3MjgyN2RhYjkyZmZkMDhjMjY0ZjBjZDg0NmUwZmE5Yjc
Banana Rasakadali India,500g,6,https://www.luluhypermarket.com/medias/386254-01.jpg-300Wx300H?context=bWFzdGVyfGltYWdlc3wyMzYyOXxpbWFnZS9qcGVnfGltYWdlcy9oOWEvaDdiLzkxNDgwNDk1MjI3MTguanBnfDBkNzQ3NjYxZWMwZGViZWIwZDg2MzNhMzllMzIyODRlNzMyOGE0YzMxNzYwMTdlMTRjZDEwMzFlMzI4NWQzNjc
Nectarine White Australia,500g,9,https://www.luluhypermarket.com/medias/385199-0001.jpg-300Wx300H?context=bWFzdGVyfGltYWdlc3wxOTYzMnxpbWFnZS9qcGVnfGltYWdlcy9oMzcvaDNhLzkxNDgwNDcxNjM0MjIuanBnfGFhOTY0NzQ3NDY2ZDVlMjAwNDIzNjdiZDRkNjY5OGU3ODdmNzY3ZTdjNWQ3NmMwYWI4NGM1NDhkZmJiMGI5YmQ
Mangosteen,Packet,17.75,https://www.luluhypermarket.com/medias/1128984-01.jpg-300Wx300H?context=bWFzdGVyfGltYWdlc3w4MzQ0OHxpbWFnZS9qcGVnfGltYWdlcy9oZTQvaGVlLzkxNjY1NjcyNzY1NzQuanBnfDM4MzY5NzkzODAzNTAwNDM3MjlhNmY3NjYxZDUwZTAzZjUwMmYyZjViMDk3MzUxM2U3Zjk4YzUzNjJjMjEzYTY
Apple Green Spain,1kg,8.25,https://www.luluhypermarket.com/medias/716337-01.jpg-300Wx300H?context=bWFzdGVyfGltYWdlc3wzOTAzOHxpbWFnZS9qcGVnfGg4ZS9oM2YvOTc5MDE2NDY5NzExOC83MTYzMzctMDEuanBnXzMwMFd4MzAwSHwzNzA2YzJiMTRkOTE4ODA0YTIxMTA2YWRiODM3YWRmYTcxYjUyYjEwNzAwY2MwZDAzMThiODI2YWFiOTBiOTc0
Farm Fresh White Pumpkin Qatar,1kg,3.25,https://www.luluhypermarket.com/medias/1754524-01.jpg-300Wx300H?context=bWFzdGVyfGltYWdlc3wyOTgxN3xpbWFnZS9qcGVnfGhmZS9oNjAvOTc4MDg0OTU0MTE1MC8xNzU0NTI0LTAxLmpwZ18zMDBXeDMwMEh8NTEwZGNkYzk4NDdlNzA1MjAzNzhlZTU3YWNmMTdmMjZiNTFmMTQxODlhYTg4M2RiNzc0MzY2NTRiMGU5ZDcyZQ
FarmFresh Long Chili Qatar,250g,0.75,https://www.luluhypermarket.com/medias/1531628-01.jpg-300Wx300H?context=bWFzdGVyfGltYWdlc3wzNjIyNXxpbWFnZS9qcGVnfGgxMi9oNzIvOTc4MDg1OTYzMzY5NC8xNTMxNjI4LTAxLmpwZ18zMDBXeDMwMEh8Nzk2ZWI0ZTJiZTIwZmE2YWE2N2FmYzhlMGRmZWU0NDJmYzEzNjIxMzVkNDAwY2VlOGU2MzkyYTYyNDIwNTQ0Yw
Tomato Bunch Red Holland,1kg,25.5,https://www.luluhypermarket.com/medias/18846-01.jpg-300Wx300H?context=bWFzdGVyfGltYWdlc3wyNjA4NHxpbWFnZS9qcGVnfGltYWdlcy9oZjMvaGJmLzkxNDc4NDgxOTYxMjYuanBnfDljZWZmOWI5YzgyYmU2ZDI2YzMwYzA1NGIwNmViNGQzZjgwYTNkMmRkOGQ5YzdiYjAyYTI0ZDliYjU2ZGZiZWI
Rock Melon Oman,1pc,16.75,https://www.luluhypermarket.com/medias/377392-01.jpg-300Wx300H?context=bWFzdGVyfGltYWdlc3wxNjkzMHxpbWFnZS9qcGVnfGltYWdlcy9oNWUvaDRkLzkxNDgwMzMwMDc2NDYuanBnfDRjNzFkZTZmNmZiZmQxOWQ0ZDM5NzcxMDhiZDVhN2M3OWUzNTZhZTgyOGRkZTIzMjFkMTFjODUzZjRkMDMwOTc
Avocado Hass Mexico,500g,25.25,https://www.luluhypermarket.com/medias/1113595-01.jpg-300Wx300H?context=bWFzdGVyfGltYWdlc3wyMTE3OHxpbWFnZS9qcGVnfGltYWdlcy9oMzUvaDNjLzkxNDgyNDc5MDAxOTAuanBnfDFjOWQ4OTUwNjE1ODYzYWNkYzBiNDExN2FhNjRlM2M4MGM5ZWY0MDQ3YTdkMTk1Mzk3OTRiZjRlM2M3ZWFjN2I
Shredded Carrots,1Packet,32.75,https://www.luluhypermarket.com/medias/488084-01.jpg-300Wx300H?context=bWFzdGVyfGltYWdlc3wxMDExNDN8aW1hZ2UvanBlZ3xpbWFnZXMvaDE5L2hhNy85MDY5ODkwMTc1MDA2LmpwZ3w4ZThiYWE2NTg4N2YwZDU0OTFmNDY3ZTNiNDYyYzkzOGJmZWRlMjM0ZmNiYjA2ZTZhNGI5OWRhNGIxNzg3Zjgy
Raspberry Clamshell,170g,22.75,https://www.luluhypermarket.com/medias/643262-001.jpg-300Wx300H?context=bWFzdGVyfGltYWdlc3w0NTAyMHxpbWFnZS9qcGVnfGltYWdlcy9oOTgvaGQ4LzkxMTIyNjY1MzkwMzguanBnfGRkMjVjZjQzNjVhYzE5NzFkZmVhOTEyMmZkZjU1MTFlZmY4MjM5MWM0ZjI3MTExYmFkZTk3YjU0NmRmNjBhNDE
Onion Bag Small,,7.5,https://www.luluhypermarket.com/medias/484556-01.jpg-300Wx300H?context=bWFzdGVyfGltYWdlc3wxMzkzNnxpbWFnZS9qcGVnfGgzNy9oNDEvOTgxMzEwNTUwODM4Mi80ODQ1NTYtMDEuanBnXzMwMFd4MzAwSHxhZjU4MjUxNzQ2YjY1ZjNmZGM3ZWIzNTczMDI3ZDMzZDRiOWIyNDI5NjRjYmQwZGYxMGEzYTY1MjkyNGFiYjY2
Kumquat South Africa,500g,28.25,https://www.luluhypermarket.com/medias/36452-01.jpg-300Wx300H?context=bWFzdGVyfGltYWdlc3wyNzY5M3xpbWFnZS9qcGVnfGltYWdlcy9oMzAvaDlhLzkxNzg0NDc4NzIwMzAuanBnfGUwYzQ0OTliZjU2M2I1N2E3MWNiZDA1YzZjYTNiNWRmYmRlOTYyMWVjNTdjY2Q3MzYyZWMyM2QzY2VmZjU0YWM
Tindly India,250g,3,https://www.luluhypermarket.com/medias/40443-01.jpg-300Wx300H?context=bWFzdGVyfGltYWdlc3wxNDQ3NXxpbWFnZS9qcGVnfGltYWdlcy9oZTkvaDkxLzkxNDc5MTQzODc0ODYuanBnfDgwNDZmMmIxMjc1YmJjYzgxYzBlMzhiNTJjYTJiN2M2ODg5MzI0Njk0OTFmYmM2NjU0ZGQ4ZDNkY2Q2ZTZiMjk
Cherry Tomato Holland,250g,9.75,https://www.luluhypermarket.com/medias/18849-01.jpg-300Wx300H?context=bWFzdGVyfGltYWdlc3wzOTI3OXxpbWFnZS9qcGVnfGltYWdlcy9oYzAvaDQwLzkwNzk3NjE1Njc3NzQuanBnfGYxZDMwMzkzNGJmYzE1ODhmNzBjZTdmNThkM2JkYTZlNTM4MzMzODkwZGViMDlhMTA2MWNhNGY2MzFhM2RmNWM
Holland Lettuce Oakleaf,200g,10.75,https://www.luluhypermarket.com/medias/18834-01.jpg-300Wx300H?context=bWFzdGVyfGltYWdlc3wzOTgyN3xpbWFnZS9qcGVnfGltYWdlcy9oMDEvaDQ4LzkxNDc4NDcwMTY0NzguanBnfGJjZjZmNjc0MzIyMDY1YjE2ZjFiZmI1YTIyZDYwM2JjMzlhYzMzMTE2NWM0Y2U5OTY3ZDRhM2E2YWI5ZDI2NmY
Fresh Cut Kiwi Fruit,250g,7.25,https://www.luluhypermarket.com/medias/1055536-01.jpg-300Wx300H?context=bWFzdGVyfGltYWdlc3wyMDQ4OHxpbWFnZS9qcGVnfGltYWdlcy9oYTcvaDliLzkxNDgyMjY2NjY1MjYuanBnfGM5YTQ0YmViM2FhMjA2MzU5ZDU5YTRiMzc1MmE4ZWM2OGQxZDdiNWEzNGRmOWYyNjFkNWY0ZjFjMWQ5MTgyOTM
Premium Capsicum Yellow Qatar,1pkt,15.5,https://www.luluhypermarket.com/medias/1391742-01.jpg-300Wx300H?context=bWFzdGVyfGltYWdlc3wzOTQ0MnxpbWFnZS9qcGVnfGhjMy9oOGMvOTc4ODUzNDY1Mjk1OC8xMzkxNzQyLTAxLmpwZ18zMDBXeDMwMEh8YzdkOThhNTJmMWQ0OTJiZTJmZDk4NDFlMjQwNTQ3MTNiNWZiZWQ0YmE0ZDdlNDNiNzhiYjFhMGNmOWMzZWZlZQ
Snake Gourd India,500g,6,https://www.luluhypermarket.com/medias/40361-01.jpg-300Wx300H?context=bWFzdGVyfGltYWdlc3wxOTg0M3xpbWFnZS9qcGVnfGltYWdlcy9oOGMvaDlhLzkxNDc5MDkwNzkwNzAuanBnfGUyNDI3NTk5ODAyZTMxODczMWJmZGUwNWYyOTQ3ZjI5MzZhYjQyMDAzZjhkZjE4NTEwYjZlY2E2MjQ5OTBhZTY
Guava Indonesia,1kg,24.5,https://www.luluhypermarket.com/medias/1059508-01.jpg-300Wx300H?context=bWFzdGVyfGltYWdlc3wyMDkwMXxpbWFnZS9qcGVnfGltYWdlcy9oM2MvaGI4LzkxNDgyMzM3NDQ0MTQuanBnfDM3NWIyZmIwOWZlYzQzODg5MWU1ODBiNmM5Nzk2ZGFlMjI2ZDVjZThiOTJiYWJkYzI2N2I4ODdiZWZiODIzY2I
Sliced Sweet Melon,250g,6.75,https://www.luluhypermarket.com/medias/42898-01.jpg-300Wx300H?context=bWFzdGVyfGltYWdlc3wxOTI1NHxpbWFnZS9qcGVnfGltYWdlcy9oYzMvaDVlLzkxNDc5NDgwMDc0NTQuanBnfDQ5NmVkZDU0ZjA4ODBkMmI3ZDE2ZGI3MGI2NjBkZGU1Yjc4MmVmMjc2NjIwMzgwODkwMmUxMzVmNWUzYjIzYmY
Leeks Holland,1pc,8.5,https://www.luluhypermarket.com/medias/18829-01.jpg-300Wx300H?context=bWFzdGVyfGltYWdlc3w0MDYzNnxpbWFnZS9qcGVnfGltYWdlcy9oNDQvaGFiLzkxNjY1NTEzNTEzMjYuanBnfGFhODZmMWNlMzA4YTc2NzRjN2FlYjcyOGQ5YzQ0M2I2NzJiMDZlMTRkOWFjNGE3MjZlNmY1Yjc1OTM3NDRiNzY
Farm Fresh Eggplant,1kg,2.75,https://www.luluhypermarket.com/medias/649494-01.jpg-300Wx300H?context=bWFzdGVyfGltYWdlc3wxNzIzN3xpbWFnZS9qcGVnfGltYWdlcy9oMzcvaDhkLzkxNDg4MjE1Njk1NjYuanBnfGEzZDNjMDVjMzY0MWZmMzExM2E2YWYyMTE4YWZmZTM4ODM2NDUyNmFiNDZmOWJhZTk1ZGJjMGYwZGU5YjdkZTQ
Red Cabbage,1kg,2.25,https://www.luluhypermarket.com/medias/18556-001.jpg-300Wx300H?context=bWFzdGVyfGltYWdlc3wyMzk2OHxpbWFnZS9qcGVnfGltYWdlcy9oNGMvaDRjLzkxNDc4MTM5ODYzMzQuanBnfDkwMzE5MjE2MDIxMTVmYzAwZmVmMjlhMDM0MTMxZDFmYWE3MDRlNDM4MDYzYWQ2YzcxNGM1NmQ1MzJjNjVmOWY
Longan Fruit Thailand,300g,9,https://www.luluhypermarket.com/medias/19102-01.jpg-300Wx300H?context=bWFzdGVyfGltYWdlc3wyMzc4Nzl8aW1hZ2UvanBlZ3xpbWFnZXMvaDJkL2g3Ny85MTQ4NzMwNjcxMTM0LmpwZ3wwODBjZDRjM2Y2NmQzOGU3YzUyOTUwZDhmMzhjYzk1MGYxNzY5NDkzZTdkOTVmZWM5NWFhNDRhYjVkMDc1YTk0
Small Onion India,250g,4.25,https://www.luluhypermarket.com/medias/40381-01.jpg-300Wx300H?context=bWFzdGVyfGltYWdlc3wyMDgzMnxpbWFnZS9qcGVnfGltYWdlcy9oMmQvaGM5LzkxNDg3NDI0Njc2MTQuanBnfGE5MTE5ZTUzMmRjODJlMjBjNmVkNjk1MjU5MTg5MDRhOTA4NGExMTE3ZGEwNjNiOGM4YWU1ZjAyZjQ1MDIxN2Q
Green Mango India,500g,8,https://www.luluhypermarket.com/medias/40421-01.jpg-300Wx300H?context=bWFzdGVyfGltYWdlc3wxNTY1MnxpbWFnZS9qcGVnfGltYWdlcy9oNjAvaDJlLzkxNDc5MTMyMDc4MzguanBnfDc1YTQzN2I5ZmExZmYyNTk4YWU5M2NjM2E3MmE5MDEyMGRjMzI3MjFjODcyNTQyMGI2M2VmYjJjOWU0MDhiNTc
Aravi Small,500g,3.25,https://www.luluhypermarket.com/medias/188649-01.jpg-300Wx300H?context=bWFzdGVyfGltYWdlc3wyOTMyM3xpbWFnZS9qcGVnfGltYWdlcy9oZDEvaGFjLzkxNDc5NzY5NzQzNjYuanBnfDgyOGVhMjliNjVhOWMzMTkwYWNiODYwNWY0ZDgwZmIxZjNmZjRjZjZiMjUyZTJiOTJkMjZlZTk2MmVhMDVhMTg
Thailand Jackfruit,1Kg,24.5,https://www.luluhypermarket.com/medias/374758-01.jpg-300Wx300H?context=bWFzdGVyfGltYWdlc3wzNDgxNXxpbWFnZS9qcGVnfGltYWdlcy9oZDIvaGUwL2gwMC85MTk5MTgxMTY4NjcwLmpwZ3wxMzllMDM0MjMxOTIwYTgxOGM5ZTQ0ZWY0YzczNzU2OTU2MzNhM2U0MDRlNGY3MjhiZTY3MmM0MzNmODdlZGUy
Fresh Cut Citrus,250g,4.5,https://www.luluhypermarket.com/medias/1055563-01.jpg-300Wx300H?context=bWFzdGVyfGltYWdlc3wxODYwOHxpbWFnZS9qcGVnfGltYWdlcy9oOTMvaDM1LzkxNDgyMzE5NzQ5NDIuanBnfGQzMzFhNDY3MjI0ZjllMzRhMzkwNDA5NjU2NGIzZWUzYjEzZjQwNTkyY2ZiMDM4NzZkNWE4MGI2NDVkZjM0NzU
Mango Ripe Thailand,1kg,39.5,https://www.luluhypermarket.com/medias/376793-01.jpg-300Wx300H?context=bWFzdGVyfGltYWdlc3wyOTYxNnxpbWFnZS9qcGVnfGgyNC9oNmMvOTczNjYzMDY2NTI0Ni8zNzY3OTMtMDEuanBnXzMwMFd4MzAwSHwyMTljMTBjNjk2OGQ0NjI1ZGY4NDAwNWE4Yjc2NTY4MDYwOThhOTJlZmFiNzBlYjYzNGFiZDY1YWI1ODE4MGZm
Kale Leaves Bunch USA,200g,10.5,https://www.luluhypermarket.com/medias/260919-01.jpg-300Wx300H?context=bWFzdGVyfGltYWdlc3wzNDEyN3xpbWFnZS9qcGVnfGltYWdlcy9oMjYvaDM4LzkxNDc5OTI4OTk2MTQuanBnfDJiOTg1YWY1NDYyNGMxOThiODQ0MDY0NjVlODI5OGY5NjU4MjI5MjZlYzc1YTQxM2YyYTJiN2M5YTE4MGU1NjY
Soursop Sri Lanka,1.5kg,36.75,https://www.luluhypermarket.com/medias/1345365-01.jpg-300Wx300H?context=bWFzdGVyfGltYWdlc3w0Njc0MHxpbWFnZS9qcGVnfGg5My9oZjMvOTczNjU2Mzc1Mjk5MC8xMzQ1MzY1LTAxLmpwZ18zMDBXeDMwMEh8NjU1ZmVlODc4NjFlN2Q0OTA3YTMzOWI4ZjczODQxODFlYjM4MzllNjUzODk4MGNlYjkwOGY3MmRhNDIwMGM4OQ
Premium Eggplant Big Qatar,1pkt,5,https://www.luluhypermarket.com/medias/1391743-01.jpg-300Wx300H?context=bWFzdGVyfGltYWdlc3wzMzAyM3xpbWFnZS9qcGVnfGhjMC9oNTMvOTc4ODUxNjA0MDczNC8xMzkxNzQzLTAxLmpwZ18zMDBXeDMwMEh8ZjRmM2M1NTcxNDZjOWQzMWYzNDBkY2YyNWExNDI2ZTc3ODc0NzRjNjg3MzZkODEzNTBiN2I4ZWIxZDI4YTZhOA
Organic Zucchini,1pkt,9.5,https://www.luluhypermarket.com/medias/1555324-01.jpg-300Wx300H?context=bWFzdGVyfGltYWdlc3wyNzEwNHxpbWFnZS9qcGVnfGhkZi9oOWUvOTc4ODU5Mjg4MTY5NC8xNTU1MzI0LTAxLmpwZ18zMDBXeDMwMEh8ZDc3OGRlNzZlMDExMWNiZjliYTAzMWUwMzU3Y2Y2M2YyODU1ZDUyMWFiM2IyNGRmOTBhMzJjOTA3OGViYmRiYg
Thailand Lime Leaves,100g,4,https://www.luluhypermarket.com/medias/191394-01.jpg-300Wx300H?context=bWFzdGVyfGltYWdlc3w0NTEwMnxpbWFnZS9qcGVnfGgxNC9oNjgvOTUzODIzNTk5MDA0Ni8xOTEzOTQtMDEuanBnXzMwMFd4MzAwSHwyOTM1ZGZlZjk1ZDY3MWY3YjEwZGU5ZjFhOTEyY2YwZDRmZmQ4YWQxYzk3MWFlZjBkMzcxYTNiZWZiODE2ZjEx
Organic Sweet Corn,1Packet,19.5,https://www.luluhypermarket.com/medias/878446-01.jpg-300Wx300H?context=bWFzdGVyfGltYWdlc3wxNzc4MnxpbWFnZS9qcGVnfGltYWdlcy9oM2IvaDJmLzkxMTk0MTQ0NTIyNTQuanBnfGY5ZTYzNDcwYjE0YzdhZDg5YzFiM2YzYjJkY2FlYjlhZmRjNmU4OTU1ODJlN2RjZDljODA4NzFhZjIwZWQxYjg
Banana Yellow India,1kg,10.25,https://www.luluhypermarket.com/medias/18621-01.jpg-300Wx300H?context=bWFzdGVyfGltYWdlc3wxMzc3N3xpbWFnZS9qcGVnfGltYWdlcy9oNWEvaGVmLzkxNDc4MjU3ODI4MTQuanBnfGEyZmUzODJiMTNjZjEyZjhiNTNhMmExNTg3NGI3Y2E0Y2U1NmMwNDE5MThjOTllOWRlN2RkNjQyMTQwNmJhMzA
Cherry Tomato Vine Holland,1pkt,29.75,https://www.luluhypermarket.com/medias/522484-01.jpg-300Wx300H?context=bWFzdGVyfGltYWdlc3w1OTU2NHxpbWFnZS9qcGVnfGltYWdlcy9oMWEvaGU5LzkwNjk5MzU1OTE0NTQuanBnfDI3NTk0MjkzMTNlODE5MjZhMTYwMTA5MjM5NjVmN2I4NzNmYTE5MGVlOTBjNmFlMWI5ODgwOWJiOTMxYmU1NmE
Strawberry USA,1pkt,24.75,https://www.luluhypermarket.com/medias/1149005-01.jpg-300Wx300H?context=bWFzdGVyfGltYWdlc3w0Njk2OHxpbWFnZS9qcGVnfGltYWdlcy9oZDgvaDU1L2gwMC85Mjk3NzQ2NDYwNzAyLmpwZ3xhMGEwNmZlMGFhZTY4N2NmYWJmODhiNmQ5YTVkNmVlNjFjMjExMTM4MTNmMDhiZjAyZDAxZTNiODM1MzcyMjkw
Ginger China,250g,2.25,https://www.luluhypermarket.com/medias/18660-01.jpg-300Wx300H?context=bWFzdGVyfGltYWdlc3wxNDU4NHxpbWFnZS9qcGVnfGgyMy9oZDUvOTUxNDQ4ODM5Nzg1NC8xODY2MC0wMS5qcGdfMzAwV3gzMDBIfGJiYTkyNmQxM2YwODExODgwMDU1ZmY4MGM1ZWViMDdkNzE0NTVlZjI4ZTU4MTBiNjAyZDA2MTRiODQzMzk4MmU
Farm Fresh Marrow,1kg,3.75,https://www.luluhypermarket.com/medias/649490-01.jpg-300Wx300H?context=bWFzdGVyfGltYWdlc3wyNjA3OXxpbWFnZS9qcGVnfGgwMy9oYTQvOTc4MDgyMTE5NjgzMC82NDk0OTAtMDEuanBnXzMwMFd4MzAwSHw3NGU4OGZiNDY4YmJkNDg3MWYzOGMxY2Y5MzAyN2FhMDZmN2FlNmY3MTk3NmZkNGVmZmZlODFiMjUxMDE3OGVi
Black Berry USA,125g,16.75,https://www.luluhypermarket.com/medias/261048-02.jpg-300Wx300H?context=bWFzdGVyfGltYWdlc3w1ODA0MXxpbWFnZS9qcGVnfGltYWdlcy9oZWYvaDVhL2gwMC85MjkzMzQ0MTQ1NDM4LmpwZ3wyOTIyOWE2MTA1ODZmYjU1YjlmYTc0YTVmYjlkMGU2ZWM0OGJhYjljZDEwZjNmYTdiZWJmZTRkNmEyYTJkN2Y1
Turnips,500g,1.75,https://www.luluhypermarket.com/medias/40194-01.jpg-300Wx300H?context=bWFzdGVyfGltYWdlc3wxODgwMXxpbWFnZS9qcGVnfGltYWdlcy9oMjUvaGUxLzkxNDc4OTk2NDE4ODYuanBnfGQ1YjliYjEyYzY3ZjY5YTJhODE1YThlY2MyNmY0MGE5N2NiM2FiZjU5YmQ1Yjc5MzYyYTlmOGYyZGNjYTZhYzc
Onion Pakistan,1Kg,2.75,https://www.luluhypermarket.com/medias/1464830-01.jpg-300Wx300H?context=bWFzdGVyfGltYWdlc3wzMDY4OHxpbWFnZS9qcGVnfGltYWdlcy9oYWYvaGZjL2gwMC85MzAyNzU5ODAwODYyLmpwZ3wwYjAxZWEzNTA1Njc0YmEyYWVmZDdhYjFjMmY1ZTYxYjg5YjZmOTVmODM0NDQ4NDBhYmY0MjI1ZWYyZTc4OGRm
Chilli,200g,2.5,https://www.luluhypermarket.com/medias/18563-01.jpg-300Wx300H?context=bWFzdGVyfGltYWdlc3wyNDk1OXxpbWFnZS9qcGVnfGhhMC9oM2UvOTUxNDMyMTM0NjU5MC8xODU2My0wMS5qcGdfMzAwV3gzMDBIfGQzNTY2MmQ2MzEwNTdiYTVhYjk0ZGZjMzgxODZjMTZiODI5ZGM4OTlkNWNlNDlkZDFmYjNjYTVhOTY2ZjFkMDg
Rambutan,Packet,15,https://www.luluhypermarket.com/medias/1128948-01.jpg-300Wx300H?context=bWFzdGVyfGltYWdlc3w4MDAxMXxpbWFnZS9qcGVnfGltYWdlcy9oODQvaDgxLzkxNjY1NjY2ODY3NTAuanBnfDhmOGVlMzI3YTllMjQ3NTllZmFmMmRiZjExZGZiNTAyNDIyODQzNjllMGY4NmQxMGM3ZDRjODJjMmY0MzY0Zjg
Green Papaya Oman,1pc,8.75,https://www.luluhypermarket.com/medias/18706-001.jpg-300Wx300H?context=bWFzdGVyfGltYWdlc3wxMzUwNHxpbWFnZS9qcGVnfGltYWdlcy9oY2EvaDU0LzkxNDc4MzQwNDAzNTAuanBnfDJhMTZjNmRiZjliMWJhZmY0NTk4YmE3NjRlODM2N2NhYWJjYTgyNmQ2YWQ1YjRkNWEyNzU0Yjg2N2RiN2Q2NjI
Sugar Snaps Kenya,250g,6.25,https://www.luluhypermarket.com/medias/261049-0001.jpg-300Wx300H?context=bWFzdGVyfGltYWdlc3wxMTE3MnxpbWFnZS9qcGVnfGltYWdlcy9oNjkvaGVmLzkxNDc5OTQwNzkyNjIuanBnfDY1YmZiNjJmOGUyMjg4ZGRiZGZjMWEyMWUyOWJmYzkwMThhNDk2ODMxNGM1OGIzMTBlNDlkZjMxNGZiNDU1Njk
Blackberry USA,170g,22.75,https://www.luluhypermarket.com/medias/618920-01.jpg-300Wx300H?context=bWFzdGVyfGltYWdlc3w1Mjc1MnxpbWFnZS9qcGVnfGg1Yy9oMTkvOTcyMDM2ODgyNDM1MC82MTg5MjAtMDEuanBnXzMwMFd4MzAwSHxlMTk5OWFhNTJjNDliMmE3NmVmNmI2ZDNmODZmMWJlYmM4ZDRjNmViOTY0OGQ4MGM1ZmZhODU5Mzg3YzI4MjM5
Avocado Hass,1 Packet,16.75,https://www.luluhypermarket.com/medias/706138-001.jpg-300Wx300H?context=bWFzdGVyfGltYWdlc3wyMzY5OXxpbWFnZS9qcGVnfGltYWdlcy9oODEvaDA3LzkwNzIxMjc5MzQ0OTQuanBnfDRkN2JlNzJkOWM5NjYwNjUyYWExNWZlNGI5ZmE1YjZlMmZlNDlkZWQ0MDZjZmU5YjJkN2ExYTkyNDk2ZTNkODg
Banana Leaf India,1pc,1.25,https://www.luluhypermarket.com/medias/40391-01.jpg-300Wx300H?context=bWFzdGVyfGltYWdlc3wxNzc4OHxpbWFnZS9qcGVnfGgwMi9oZWEvMTA0MTQ5NzYwNzM3NTgvNDAzOTEtMDEuanBnXzMwMFd4MzAwSHxhZGUyNjU3MTc1M2RjYTBhMmIyMWI2OGZkMzczZjFlNDIyZDk1ZTkzZjlhMTczMjVlMTg3OWY5OTAxMTZhMmYz
Rocket Leaves Italy,1pkt,10,https://www.luluhypermarket.com/medias/384398-01.jpg-300Wx300H?context=bWFzdGVyfGltYWdlc3w3OTQyfGltYWdlL2pwZWd8aW1hZ2VzL2hlNy9oM2UvaDAwLzkzMTYyNDAyMjgzODIuanBnfDk0OTI0NzNmMDg3ZGRiYmYzZTIyN2YwNDI5MjUxNmJhOTE3ZjRkNTBlZDU4ODczZGExY2MwZjQ5ZDUyZDNmY2I
Lollo Rosso Holland,200g,8.75,https://www.luluhypermarket.com/medias/42579-01.jpg-300Wx300H?context=bWFzdGVyfGltYWdlc3w1ODExOHxpbWFnZS9qcGVnfGltYWdlcy9oZTMvaDBhLzkxNDc5NDIxMDkyMTQuanBnfGU2YmVhMTMwNjU5YjJlNmYzNzdkNDA3NTljZTM4ODk5MTMxNDc5NDllNjYyNjM3MzFiOWI2MWRlNzczODlhMjQ
Pears Coscia Spain,1kg,12.5,https://www.luluhypermarket.com/medias/377409-01.jpg-300Wx300H?context=bWFzdGVyfGltYWdlc3wzMjk0OHxpbWFnZS9qcGVnfGltYWdlcy9oYTkvaDFiLzkxNDg3OTEzNTc0NzAuanBnfGNjYWFkMTZjYWJiNzAyMjEyNWMzZTQ5NWM1ZDA0ZjAzYjY2YWZlNTM0NzI0M2Q5NmQxYmZkNzJmNGVhY2E4OGM
Organic Blueberry,1 Pack,26.75,https://www.luluhypermarket.com/medias/505977-01.jpg-300Wx300H?context=bWFzdGVyfGltYWdlc3wyNTMzNnxpbWFnZS9qcGVnfGltYWdlcy9oNDkvaGQyLzkxMDg3NjAwMDI1OTAuanBnfDkzMzIwZDBjZDQ1YjA0NmY5NzhkMzcxY2I5MDc3NWU2YTBhOTUxYzMwMzZlODYzYzBiMzhkN2VkZmI5NzNiZmQ
Papaya Fruit India,1kg,10.75,https://www.luluhypermarket.com/medias/18671-01.jpg-300Wx300H?context=bWFzdGVyfGltYWdlc3w0MDg4M3xpbWFnZS9qcGVnfGgwMi9oNzMvMTA0NDgwODYyMzcyMTQvMTg2NzEtMDEuanBnXzMwMFd4MzAwSHw4MmEzYzg0NjUyMzkzNjkzZWIzNzI1YWY5MWJkN2IyMTdjNWNlZjgzN2JjZjIwODRmMzA2NGM0YmU0ZDg0YjIz
Premium Cucumber Qatar,1pkt,7,https://www.luluhypermarket.com/medias/1377977-01.jpg-300Wx300H?context=bWFzdGVyfGltYWdlc3w1NTQwNnxpbWFnZS9qcGVnfGg3MS9oOWIvOTc4ODUyODY4OTE4Mi8xMzc3OTc3LTAxLmpwZ18zMDBXeDMwMEh8YTRhM2MyZDhiM2MzMDYyNjgwYWMxMzFhMGNlNDAxYzVlZWI4NDljY2Y5OTM5ZGFlYjQ0M2JkYmZkODNhMTNjOQ
Banana Flower/Blossom,500g,6.5,https://www.luluhypermarket.com/medias/386228-01.jpg-300Wx300H?context=bWFzdGVyfGltYWdlc3wyODM5OXxpbWFnZS9qcGVnfGhkMy9oMDUvOTcyOTQ5MTg2MTUzNC8zODYyMjgtMDEuanBnXzMwMFd4MzAwSHxkYjAzNzI4MDZjYzcyNWI4NGIzYzkyMmIyODMwOWFiNDVkZTNiZWNkOWM5YmFhNmNiY2Y2OTBhMTZhNjBkNjZj
Lemon Grass Thailand,100g,4,https://www.luluhypermarket.com/medias/19092-01.jpg-300Wx300H?context=bWFzdGVyfGltYWdlc3wxOTczN3xpbWFnZS9qcGVnfGltYWdlcy9oYTkvaDlhLzkxNDc4NzM2MjQwOTQuanBnfGFlYjQ5NWQwNTllOWRlNTdmMmQ1NzU1YWI0ODhkZjE0ZmI3YjA1ODRlMGU2YTk0NmU1ZWJlNTRiYTI1MjE2ZTY
Baby Beetroot,1pkt,16.75,https://www.luluhypermarket.com/medias/1617760-01.jpg-300Wx300H?context=bWFzdGVyfGltYWdlc3w4NjE0NnxpbWFnZS9qcGVnfGg2Ny9oMTcvOTY2NjQyMzIyNjM5OC8xNjE3NzYwLTAxLmpwZ18zMDBXeDMwMEh8OWQ5ZmViYTNlNGFlYTYzODU2ZTg4MzRkYjJhYTUyYzdiNWE0OTJiODYzM2E0MDc2NzNkMmJiZjliMzY4ZjRmNA
Farm Fresh Capsicum Red,500g,6.25,https://www.luluhypermarket.com/medias/649513-01.jpg-300Wx300H?context=bWFzdGVyfGltYWdlc3wzODQ2NXxpbWFnZS9qcGVnfGhhYS9oNzEvOTc4MDgzNjQzMzk1MC82NDk1MTMtMDEuanBnXzMwMFd4MzAwSHxjZTQyODVhMzhhYTdmNDA1ZDBjM2M0MDcwY2MxZTQ5NzFlM2EwMDFkZmM4ZTA1YmE3YjRhYjRjMWM3OTVhZjg0
Kumato Tomatoes Holland,1pkt,19.75,https://www.luluhypermarket.com/medias/258416-01.jpg-300Wx300H?context=bWFzdGVyfGltYWdlc3w0NjEyMXxpbWFnZS9qcGVnfGltYWdlcy9oMTYvaGI2LzkwNjk2MzYwMjYzOTguanBnfDNkMWUxZWJhNjFkN2M4YTFiYTNiYTIwYTc4ZDA4MjJjYTM1MWU5YzAwOWNkZWRkMzU3NDZlNjYzZTY2NzQxM2U
Ash Gourd,1Kg,11.75,https://www.luluhypermarket.com/medias/687834-01.jpg-300Wx300H?context=bWFzdGVyfGltYWdlc3wzODgyOXxpbWFnZS9qcGVnfGg0MC9oODAvOTY3ODI2NzQ0OTM3NC82ODc4MzQtMDEuanBnXzMwMFd4MzAwSHxjNzFhYTE4YzFjMmZlODA3OGFiZjk1ZThlODgxNTg2Y2ZmNzdjNjFhOWVjMzQwOTNiODk4Yzk4ODVlMWU0Njc3
Grapes White,1kg,8.75,https://www.luluhypermarket.com/medias/18700-01.jpg-300Wx300H?context=bWFzdGVyfGltYWdlc3wxOTg0NnxpbWFnZS9qcGVnfGltYWdlcy9oMmQvaDA5LzkxNDc4MjkzMjE3NTguanBnfDY5YjFjOGQ4ODQ2NzI3YTllZTRiZGU1NmQ4NDAzNWE3NmY0MDcwNjQ5MThhOWE0OWI5YmRkY2JmYjE3ZThlZDM
Holland Cauliflower,800g,24.75,https://www.luluhypermarket.com/medias/18803-01.jpg-300Wx300H?context=bWFzdGVyfGltYWdlc3wyMTkxNHxpbWFnZS9qcGVnfGltYWdlcy9oYzkvaDA4LzkxNDc4MzkzNDg3NjYuanBnfGJkMjY2YmI4MWY3ZjMxNjRjODAwNzI5YWM0OTM1MjA1OGRhZDVlZmFlOGU0MjYyYmUzY2UwYWQ4N2FkOWY3MTI
Tapioca Sri Lanka,1kg,9.25,https://www.luluhypermarket.com/medias/42572-01.jpg-300Wx300H?context=bWFzdGVyfGltYWdlc3wzMjY1OXxpbWFnZS9qcGVnfGltYWdlcy9oYzQvaGU3L2gwMC85MjM0MzQ4ODM0ODQ2LmpwZ3xiMDEwZWU3MmFmN2M0OTNhN2I3OGQ2YTg0ZjA3ODkwMDU2Y2UyZGI0MjkyMzA3ZmFkMTgzYmU1ZDRhYWZjNGVk
Nadorcott Mandarin Morocco,1kg,9.75,https://www.luluhypermarket.com/medias/893596-01.jpg-300Wx300H?context=bWFzdGVyfGltYWdlc3w0NDEwMnxpbWFnZS9qcGVnfGg1Ni9oOGQvMTA0ODI1NzExNDkzNDIvODkzNTk2LTAxLmpwZ18zMDBXeDMwMEh8MTUxY2JlZjM0NjdkNzc1MjIxNTMzMDFkY2U3NGViYjI0YzI1YWY3NjJiNmEwYmFhMWQ2ODI4NmViMzMxYWJjNA
Grapefruit Turkey,1kg,4.5,https://www.luluhypermarket.com/medias/36326-01.jpg-300Wx300H?context=bWFzdGVyfGltYWdlc3wzNTA5NnxpbWFnZS9qcGVnfGltYWdlcy9oZGUvaDU1LzkxNjc4OTI2MTExMDIuanBnfDNkYWEwZGY3NjkwYjExYWUzYTcxNTY2OGFmYjlkYzlkZjUwMjlkYWRkYmNlNzE0Y2U1YmExZmI4YmZhNjJhZjk
Snow Peas,250g,6.25,https://www.luluhypermarket.com/medias/18852-0001.jpg-300Wx300H?context=bWFzdGVyfGltYWdlc3wxMDkwOHxpbWFnZS9qcGVnfGltYWdlcy9oZWUvaDZjLzkxNDc4NDg3ODU5NTAuanBnfGM4ZTc5YmViYmE3NjgxNDhhYjE4MTE5N2Y2ODg5ZGNhMTA1MWE1NDNkY2FiYzY5YjNhMDE0Y2I5ZTU5MmJkNDg
Fresh Papaya Cuts,250g,5.25,https://www.luluhypermarket.com/medias/1042647-01.jpg-300Wx300H?context=bWFzdGVyfGltYWdlc3wxODAwMXxpbWFnZS9qcGVnfGltYWdlcy9oYmIvaGNmLzkxNDgyMjQzMDcyMzAuanBnfDVmM2VhM2ZlMmMzNDQxMWNhYjIxNDJiMzllZTE5M2E0M2FkZjk5Y2NjZjZkYjE2MDAzYzhjZjIzNzI0NDZkMjQ
Farm Fresh Cabbage,1kg,2.25,https://www.luluhypermarket.com/medias/649498-01.jpg-300Wx300H?context=bWFzdGVyfGltYWdlc3w0MDM5M3xpbWFnZS9qcGVnfGhkMS9oYzgvOTc4MDgyNjczNDYyMi82NDk0OTgtMDEuanBnXzMwMFd4MzAwSHw4Yjc2OGUzNDNkZWRmODE5ZWJkNDA2NGY5NzljODAzYTNmYTE1NjcxYTc0YzVjNjY1MTgwYTY4MzAwMTg3YjAw
Fresh Black Tamarind (Kudam Puli/ Brindleberry/Garcinia Cambogia),250g,4.75,https://www.luluhypermarket.com/medias/372443-01.jpg-300Wx300H?context=bWFzdGVyfGltYWdlc3w4MzE2M3xpbWFnZS9qcGVnfGg4Yy9oNTcvOTg4OTgxNDQxMzM0Mi8zNzI0NDMtMDEuanBnXzMwMFd4MzAwSHw2OTdiZjFmODE0OWVjMTFmYzQ1OGVmZmMyM2UyM2RkOGY5ZDE0ZGIwODM5MzQ5ZmY5MmU3MmJiYmMzZTg2OWQ0
Apple Red Serbia,1kg,4.75,https://www.luluhypermarket.com/medias/1654928-01.jpg-300Wx300H?context=bWFzdGVyfGltYWdlc3wzNDk1NnxpbWFnZS9qcGVnfGg1OC9oMTYvOTk1NTg1MzI3MTA3MC8xNjU0OTI4LTAxLmpwZ18zMDBXeDMwMEh8NTdmMjUzNWUxOWMxNjUxNjY5NjQ4ZGZiNzdkZWFkYTdjMjE0NDhlYmUxOTkwNzdhYmJlNjc4N2NjMjhjYTRmMQ
Garlic India,200g,3.75,https://www.luluhypermarket.com/medias/40563-0001.jpg-300Wx300H?context=bWFzdGVyfGltYWdlc3wxMDI2N3xpbWFnZS9qcGVnfGltYWdlcy9oZTcvaDEyLzkxNDc5MTU1NjcxMzQuanBnfDYzOWUyODlkOTUxMDhiOWUyMzFjYTEyNjg4MmZiOTVhZTdiOTk5ZDZlOWE3MzBmN2YxMzI4OWU3MTVmZDVkMTk
Capsicum Green Import,500g,14.5,https://www.luluhypermarket.com/medias/18796-01.jpg-300Wx300H?context=bWFzdGVyfGltYWdlc3w1MjczM3xpbWFnZS9qcGVnfGltYWdlcy9oYzEvaGQwLzkxNDg3MjMwMDM0MjIuanBnfDk1MmI2N2Y4YjdlMWZmMjk5MzdlNTVjN2VlYWM1NzAxZjU4ODRiMWY5YmRjNzlhMTcxYTA0MDY2NDUxMDdkNGQ
Pomegranate Red India (Anar),500g,10.75,https://www.luluhypermarket.com/medias/377341-001.jpg-300Wx300H?context=bWFzdGVyfGltYWdlc3w3NjU5OHxpbWFnZS9qcGVnfGltYWdlcy9oZjAvaGUyLzkxNDgwMjg4Nzg4NzguanBnfGUyYzI5ZjI4ZDkyNjYyZDY3N2IyZTI0ZTM5YjU4OWJjNWRhOTQ3NTNjYzk1MjAzZWZhZGFlOTE5MjE4OWY1YTE
Passion Fruit Sri Lanka,500g,8,https://www.luluhypermarket.com/medias/372678-01.jpg-300Wx300H?context=bWFzdGVyfGltYWdlc3wzMzc3MnxpbWFnZS9qcGVnfGhkZS9oMjEvOTczNjU5NTE0NDczNC8zNzI2NzgtMDEuanBnXzMwMFd4MzAwSHw4OTg0ZTI1ZmUwYzVmOTI0MTMyNGI2OTU2NDg3YzZjOWM3NThiYjYxOWJiNmZiMDM4N2U2YmQzY2QxODRhMmRh
Yam India,1kg,7,https://www.luluhypermarket.com/medias/18661-01.jpg-300Wx300H?context=bWFzdGVyfGltYWdlc3wyMDYyNHxpbWFnZS9qcGVnfGltYWdlcy9oMzIvaDY0LzkxNDc4Mjg3MzE5MzQuanBnfDk4YjllY2M0Y2IwZTRjMjZkMWM2NzQ5YjMzZGE0ZDg4OWZhM2VlYTNhODM1N2YzYmFhOWEwNTk3MGFmZTllOWY
Brussel Sprouts Holland,250g,7.25,https://www.luluhypermarket.com/medias/19070-001.jpg-300Wx300H?context=bWFzdGVyfGltYWdlc3wxNzc3M3xpbWFnZS9qcGVnfGltYWdlcy9oZGEvaDc4LzkxNDc4NzI0NDQ0NDYuanBnfGFiMTFjODA4MjViZmE2NWNhYjRhODc0ODA2ODRkOWZiNjIyZWI1ODFiNTBhOGNiNTRlZjIwYjcyMmY0ZmMwMzE
Apple Royal Gala Serbia,1kg,8.25,https://www.luluhypermarket.com/medias/1626804-01.jpg-300Wx300H?context=bWFzdGVyfGltYWdlc3wyMTM4N3xpbWFnZS9qcGVnfGltYWdlcy9oNmIvaGRhL2gwMC85MjczNzU5NTMxMDM4LmpwZ3xlZWViNjdiNzNiMThkYjg0NGQ4YThlMWQyZGMzZjNlNjE1NDUyNDY1MWU5NzI3ZDQzNGQwMTAwOGIyZjhiNjA2
Farm Fresh White Raddish,500g,2.5,https://www.luluhypermarket.com/medias/650954-01.jpg-300Wx300H?context=bWFzdGVyfGltYWdlc3wzMTgyNHxpbWFnZS9qcGVnfGgzYi9oZGQvOTc4MDgzOTk3Mjg5NC82NTA5NTQtMDEuanBnXzMwMFd4MzAwSHxmYWIyNjljNmI0YmE4Yzk4YjFlMGU0ZGM5NGVjMmY4Nzk0ZmRlMTJjYWFiMzA1YzJiYjI3NjMxMTE5OTc1MzY2
Capsicum Red Import Holland,500g,12.75,https://www.luluhypermarket.com/medias/18797-01.jpg-300Wx300H?context=bWFzdGVyfGltYWdlc3w2MTcyNnxpbWFnZS9qcGVnfGltYWdlcy9oOTgvaDVhLzkxNDg3MjM1OTMyNDYuanBnfGFhZjljYmZhNjBjMzliZGQ0ZDZkNWRkMjFlYzY5ZDI4Y2YyNjU3MmE1NGY1MThkMWRhNjA5ODE5ZjY1ODZmZDk
Drumstick India,3pcs,3.75,https://www.luluhypermarket.com/medias/40440-01.jpg-300Wx300H?context=bWFzdGVyfGltYWdlc3w4MjEwfGltYWdlL2pwZWd8aW1hZ2VzL2g2ZS9oYjMvaDAwLzkyMzAwMTc1OTMzNzQuanBnfGE4ZmJiNTQxNjljYjZiYjczNzg3YjRiOWUyM2I4MzNkY2RjZjVmNWIzNmQ1MDZmYzMzNzE4MDQ4YzVhOTNkZWU
Bitter Gourd Green India,500g,5.75,https://www.luluhypermarket.com/medias/40590-01.jpg-300Wx300H?context=bWFzdGVyfGltYWdlc3wxMzMyMnxpbWFnZS9qcGVnfGltYWdlcy9oZmEvaDUxLzkxNDc5MTc5MjY0MzAuanBnfDA2ODExN2ZlN2RiZWJlMTYxZWY0NTQyN2I1N2ZkMzY4NjBhZjMzMGVlNDE3MmU3ZWQ3MmJmNzk2ODM4ZWNjZjc
Garlic China Small,1pkt,3.5,https://www.luluhypermarket.com/medias/1498854-01.jpg-300Wx300H?context=bWFzdGVyfGltYWdlc3wyMTA0NnxpbWFnZS9qcGVnfGhlNi9oMmMvOTY2ODM1MTIyOTk4Mi8xNDk4ODU0LTAxLmpwZ18zMDBXeDMwMEh8ZWRiM2Y4MjRlYjNkNzY4MzFhMGFkZmUzY2QyMmU0ODJlMjM1OTUwMjUwMzJiYmI1ODU3ZmNmNGYyZTAzOGZkNA
Sliced Mushroom,1Packet,7,https://www.luluhypermarket.com/medias/988488-01.jpg-300Wx300H?context=bWFzdGVyfGltYWdlc3w2NDExOHxpbWFnZS9qcGVnfGltYWdlcy9oNTkvaGRkLzkwNzA2NDkzMTEyNjIuanBnfDkwMTMyOGM0Mjg5NDQ5N2JiNTY0ZTRhMTU4ZjVkMDQyNmViMjEwNDUzOWVjNzkxZWI0NGEwYjE0ZTBiZjBmZmM
Durian Sri Lanka,1.25kg,14,https://www.luluhypermarket.com/medias/1307143-01.jpg-300Wx300H?context=bWFzdGVyfGltYWdlc3w0NjEzNHxpbWFnZS9qcGVnfGltYWdlcy9oMjcvaDM0LzkxNDg4NTk5MDgxMjYuanBnfDM3MDQ3YjgyMDQwNDhiMGZjMGNlN2E2YmUyNzUxMjI2YjllMzVmNGUyMTYxY2NiZGMzOGNhNzRhMjcxYmQxOGM
Grapes Mixed,Packet,5,https://www.luluhypermarket.com/medias/376799-01.jpg-300Wx300H?context=bWFzdGVyfGltYWdlc3w0NDc5N3xpbWFnZS9qcGVnfGg1OS9oYTEvOTcwOTg4NDIxMTIzMC8zNzY3OTktMDEuanBnXzMwMFd4MzAwSHwzYTAzNWMwOTAyNjkwZjE5ZWJhYTk2NjQ3NTVhODE0ZTY4MmRlYmI5NzI4M2YzZmJjMmU5YjIzMzI2Yzk1OGNj
Baby Corn Thailand,1pkt,4.5,https://www.luluhypermarket.com/medias/18590-01.jpg-300Wx300H?context=bWFzdGVyfGltYWdlc3wyOTIxM3xpbWFnZS9qcGVnfGltYWdlcy9oZWQvaGMxLzkwNzk2NjUxNjQzMTguanBnfDM1NzE3YzczODJmYjI3NTQwZDMxZmNkMTc5N2RkYWYxZDgwZjllNDEzNmI3Nzk3MDVkMTcxYTkwNGY4MGJlMTc
Fresh Cut Strawberry,250g,18.75,https://www.luluhypermarket.com/medias/1055561-01.jpg-300Wx300H?context=bWFzdGVyfGltYWdlc3wyNjA4NXxpbWFnZS9qcGVnfGltYWdlcy9oY2IvaDEwLzkxNDgyMjk2MTU2NDYuanBnfGRmNjdhMmQyYmZmZTE0M2UxZjAwMmE1MmE5YTlhMWIwYzk0ZjMxM2U1MDc4MjllNjc5NzhlNDc0YjBmMTYzNGQ
Shitake Mushroom Holland,150g,10.75,https://www.luluhypermarket.com/medias/191396-01.jpg-300Wx300H?context=bWFzdGVyfGltYWdlc3w2Nzk2OXxpbWFnZS9qcGVnfGltYWdlcy9oN2QvaDVhLzkxNDg3NzM2NjI3NTAuanBnfGI4YjY0YTZhYzRkOTE0MDc1YzcwMTNiMGU5YzJhYjU0ZmVlZDc4OTFkMzM5ZmI1MzhjMWM3ZGM1ZTEwMTcxYzg
Sweet Potato,1kg,10.5,https://www.luluhypermarket.com/medias/197293-01.jpg-300Wx300H?context=bWFzdGVyfGltYWdlc3wxNjM2MHxpbWFnZS9qcGVnfGltYWdlcy9oYjMvaGI3LzkxNDg3NzU0MzIyMjIuanBnfDI3ZjhkY2FiMDU0ZDM0ZDZmNDg5ZDkzYTU0ODE4YTc0ODdmYzI4YTA1MWE4NTJmYjNiMDU1ODVhM2QwNzZhNWY
Banana Ecuador,1kg,4.5,https://www.luluhypermarket.com/medias/1085177-01.jpg-300Wx300H?context=bWFzdGVyfGltYWdlc3wxOTM0NnxpbWFnZS9qcGVnfGltYWdlcy9oZTMvaGYzLzkxNDgyMzk2NDI2NTQuanBnfDI4Nzk5OTc4NGFlM2EwYTViZDEyMDU0YjYyMDRmMmU3YjJlMzgwOWM5YzVkYzIzOGU0MDc1OTA4NTAwNWU3YmI
Guava Sri Lanka,500g,8,https://www.luluhypermarket.com/medias/372679-01.jpg-300Wx300H?context=bWFzdGVyfGltYWdlc3wzMzcxM3xpbWFnZS9qcGVnfGgwOC9oZTkvOTczNjc0NjkyNjExMC8zNzI2NzktMDEuanBnXzMwMFd4MzAwSHw1NWZhMTlkNjg5YTA1Y2MzNzRjZTkxODg2MTUzZDhkNmQ4NzQ2N2NhODE3MDNmYjczNDIzMjFlNzRiY2ExYTNj
Premium Capsicum Green,1kg,6.5,https://www.luluhypermarket.com/medias/1393929-01.jpg-300Wx300H?context=bWFzdGVyfGltYWdlc3w0MDExMHxpbWFnZS9qcGVnfGgyYi9oZmQvOTc4ODUzNTgzMjYwNi8xMzkzOTI5LTAxLmpwZ18zMDBXeDMwMEh8NTNkMGE1YjgzYmE0MWVhMzkzYjk0OGY5Mzc2ZjM3OWZiYTdlMzU3ZjkzOTZhMzM0NDQ2Yzk0ZTFmOGUyN2M1Mw
Premium Capsicum Orange Qatar,1pkt,15.5,https://www.luluhypermarket.com/medias/1393949-01.jpg-300Wx300H?context=bWFzdGVyfGltYWdlc3wzNzY0NXxpbWFnZS9qcGVnfGhjZC9oZTgvOTc4ODUzNTI0Mjc4Mi8xMzkzOTQ5LTAxLmpwZ18zMDBXeDMwMEh8MDgwNWQxNTZkMTE2NjZkNjI5NWFkNjc0ZDU4ZjkyNjViM2Y5NTI3ODkzNDhjMzc1N2JmNzJhNDQzZTQxNmM5ZA
Baby Spinach USA,1pkt,36.75,https://www.luluhypermarket.com/medias/488046-01.jpg-300Wx300H?context=bWFzdGVyfGltYWdlc3w5ODE1MnxpbWFnZS9qcGVnfGltYWdlcy9oZGEvaDgzLzkwNjk4ODg5OTUzNTguanBnfGM0Zjg1MjZkODAzNDI4ZDE2YmVhYjdkMzI0NTBhMGZhYzBlMTAxMDEwY2Y1MGM2MGZhNzAyYTAyOGZiNmM1YTU
Holland Lettuce Boston,200g,7.5,https://www.luluhypermarket.com/medias/18830-01.jpg-300Wx300H?context=bWFzdGVyfGltYWdlc3wzOTM2OHxpbWFnZS9qcGVnfGltYWdlcy9oYWIvaDFhLzkxNDc4NDQ2NTcxODIuanBnfDQ2NDAxNGJjODI1ODZiYzM0YzQ4OTBjODEwZjFkZDhhNWZhNzgxZjBhN2I2MjJlMTg4MGY1MTFhM2NkNGZiYWI
White Onion Spain,600g,3.25,https://www.luluhypermarket.com/medias/18865-01.jpg-300Wx300H?context=bWFzdGVyfGltYWdlc3w4NDgwfGltYWdlL2pwZWd8aW1hZ2VzL2g0NS9oYTQvOTE0Nzg0OTk2NTU5OC5qcGd8YTllMzIwNDBjMjBkMjgyMGRlODk3NDVhMzc1ZWUyMDNhYWQ1MjAwNTIwMThhZGU5ZTM2YzVhN2M2YWRhOGFjYw
Broccoli Spain,400g,12.25,https://www.luluhypermarket.com/medias/18877-01.jpg-300Wx300H?context=bWFzdGVyfGltYWdlc3wxMDQ3NjZ8aW1hZ2UvanBlZ3xpbWFnZXMvaDY2L2hlZS85MTQ3ODUwNTU1NDIyLmpwZ3w4NDM1NTMxYmU3YWVmNzM2MTg4NDU1MzQ3YWQ0NTBkYzg0ZjNmY2MyNDYyNzgxYWJiYmM5M2NmNWI0YTViMDcw
Sugarcane,1kg,13.75,https://www.luluhypermarket.com/medias/376875-01.jpg-300Wx300H?context=bWFzdGVyfGltYWdlc3w0MDQ2OXxpbWFnZS9qcGVnfGltYWdlcy9oYjkvaDg2LzkxNDg3OTA3Njc2NDYuanBnfDEzODEwZjE5MGRiNzYxZWFjZDRmNTliNzE0YTc2NGUzZjE4Y2JhZDM3MGQ0OTQyMmQ4ZGZjMjA1M2UxZGJkNjA
Orange Valencia South Africa,1kg,3.75,https://www.luluhypermarket.com/medias/1291292-01.jpg-300Wx300H?context=bWFzdGVyfGltYWdlc3wyNDk2MnxpbWFnZS9qcGVnfGltYWdlcy9oNTgvaGNkLzkxNDgyNzc5ODEyMTQuanBnfDUyNTE3MWY4ZjA5MTcwNjBmMjA0YWMyMmNiNTgzNDEyN2E4NjdhNzRmMjczY2UwNTZjYmUwMWNmYzQwMzAwODk
Pineapple Philippines,1pc,8,https://www.luluhypermarket.com/medias/294892-001.jpg-300Wx300H?context=bWFzdGVyfGltYWdlc3wyMDU4OHxpbWFnZS9qcGVnfGltYWdlcy9oNWYvaDg5LzkwODIxMjY2MzA5NDIuanBnfGM1YWZiZDAwYTU1OTAxZmZkNmRjYTEyNTY4NDM4NGZkYjBiOTkxNGE0MGQ5Y2UwMWUwNWNkNzc0OWFjNTEzN2M
Orange Navel Syria,1kg,3.75,https://www.luluhypermarket.com/medias/1407387-01.jpg-300Wx300H?context=bWFzdGVyfGltYWdlc3wxNDk0NHxpbWFnZS9qcGVnfGgwNC9oZTQvOTg5Mzg1MzQ5NTMyNi8xNDA3Mzg3LTAxLmpwZ18zMDBXeDMwMEh8NDY1NDhjYjNkODEyYTJkMTdmNWUxMzg1YjYwZGRmZDRkYjk2MzI2YTFmNzMxY2UzYzNkNTQ1NDRhODJkZjYxZg
Cucumber Holland,1kg,26.5,https://www.luluhypermarket.com/medias/18824-01.jpg-300Wx300H?context=bWFzdGVyfGltYWdlc3wyNjE3N3xpbWFnZS9qcGVnfGltYWdlcy9oMDEvaGU1LzkxNDc4NDE3MDgwNjIuanBnfDhmY2RjNjQ3ZTI1YTUyMDYyZjI3YTA0Mjg4ZTAzYjNjZDFjNmNjODc4ZWU5ZjU3ZDExOGY2Y2M0YTY3ZGM0Mzk
Vellery India,1 Piece,14.5,https://www.luluhypermarket.com/medias/40364-01.jpg-300Wx300H?context=bWFzdGVyfGltYWdlc3wxNzk1NXxpbWFnZS9qcGVnfGltYWdlcy9oMTIvaDdlLzkxNDc5MTAyNTg3MTguanBnfDg3OGYyNmI1Y2I3MDBlYjFkYTk4YmI4YmUyYTRkNTM0NGM1MWEzODhjZGMwNWVmOTg3MmYwNGFiN2QyNzdhNDY
Fresh Dates,1pkt,22,https://www.luluhypermarket.com/medias/391388-01.jpg-300Wx300H?context=bWFzdGVyfGltYWdlc3w2NTAxOXxpbWFnZS9qcGVnfGgzMS9oOTkvOTc5MTI5ODY2NjUyNi8zOTEzODgtMDEuanBnXzMwMFd4MzAwSHwzYjYwMDBlY2EzMGJkNWE1MTM2NTZkNWM1ZDllMzMzN2RjZjFlZDg1MjJmZDkxOTAzYmE0Yzg4OTIwMTI3OGNj
Blueberry,1pkt,39.75,https://www.luluhypermarket.com/medias/1360839-01.jpg-300Wx300H?context=bWFzdGVyfGltYWdlc3wzNzYwOHxpbWFnZS9qcGVnfGhiNS9oYjYvOTc4ODUyMzM4MDc2Ni8xMzYwODM5LTAxLmpwZ18zMDBXeDMwMEh8ZDFmNTYxODBhM2ZjNTE0ZTVlOWYxNWY0OTUxMjU1YTA1YWEzYTM1Yjg2ZGFlNGU0MTE1ZTM5ZTkwMTcwZjRmMQ
Carrot Oman,1kg,6,https://www.luluhypermarket.com/medias/1162987-01.jpg-300Wx300H?context=bWFzdGVyfGltYWdlc3wyMjc1NXxpbWFnZS9qcGVnfGltYWdlcy9oY2YvaDU1L2gwMC85Mzc2NjcyOTQwMDYyLmpwZ3w2NzA4ZTI2MTk5NzYwYzIzY2U1OTM1MDRjMmQ5MzQ1M2YyNWE2YmFlYWFhMDc4NDU1YWI0Nzk1NzQ0ZTIyNDkz
Coconut Shredded India,200g,2.75,https://www.luluhypermarket.com/medias/627212-01.jpg-300Wx300H?context=bWFzdGVyfGltYWdlc3wxODM1N3xpbWFnZS9qcGVnfGgwMS9oZmIvOTUxNDQ3MDExMzMxMC82MjcyMTItMDEuanBnXzMwMFd4MzAwSHxkMWM3ZjE3OTlkNjhkYTdlZmEwMjE4ODI4ZDA5OTJlMGZlYzAwMDRjZTFlOTk1NDU5ZGViZDNlNjY3MmM5ODY4
Fresh Cut Dragon Fruit,250g,15,https://www.luluhypermarket.com/medias/1055538-01.jpg-300Wx300H?context=bWFzdGVyfGltYWdlc3wyNzczMXxpbWFnZS9qcGVnfGltYWdlcy9oOTcvaDMwLzkxNDgyMjcyNTYzNTAuanBnfDgzMzRkODJlNGQwOGQ5NjhlOTA4OGU5Y2Q4OTljYjFiMzUxNjZhMjcxNjAzNDI4NGQzZjZlOWQ3YjdiNWQxYTI
